answer_id,question_id,student_answer,reference_answer,score,label
A001,Q001,Perceptron is basically an image filter used in CNN models.,"A perceptron is the fundamental unit of an artificial neural network consisting of inputs, associated weights, a bias term, a summation function, and an activation function.",1,Poor
A002,Q001,It is an algorithm for clustering unlabelled data points.,"A perceptron is the fundamental unit of an artificial neural network consisting of inputs, associated weights, a bias term, a summation function, and an activation function.",2,Poor
A003,Q001,It is a neuron having inputs and giving an output.,"A perceptron is the fundamental unit of an artificial neural network consisting of inputs, associated weights, a bias term, a summation function, and an activation function.",3,Weak
A004,Q001,Perceptron takes inputs and multiplies them with weights to get output.,"A perceptron is the fundamental unit of an artificial neural network consisting of inputs, associated weights, a bias term, a summation function, and an activation function.",4,Weak
A005,Q001,"A perceptron is a single artificial neuron with input features, weights, and an activation step.","A perceptron is the fundamental unit of an artificial neural network consisting of inputs, associated weights, a bias term, a summation function, and an activation function.",5,Partial
A006,Q001,"It is the basic building block of neural nets. It has input values, weights, sum, and a step function, but misses multi-class outputs.","A perceptron is the fundamental unit of an artificial neural network consisting of inputs, associated weights, a bias term, a summation function, and an activation function.",6,Partial
A007,Q001,"Perceptron is the simplest artificial neuron. It takes inputs, computes weighted sum plus bias, and passes it through an activation function.","A perceptron is the fundamental unit of an artificial neural network consisting of inputs, associated weights, a bias term, a summation function, and an activation function.",7,Good
A008,Q001,"It is an elementary unit of neural networks consisting of input vectors, synaptic weights, a bias term, summation, and a threshold activation.","A perceptron is the fundamental unit of an artificial neural network consisting of inputs, associated weights, a bias term, a summation function, and an activation function.",8,Good
A009,Q001,"A perceptron is the fundamental computational unit of an artificial neural network. It takes multiple inputs with weights, adds a bias term, computes the linear summation, and produces an output via an activation function.","A perceptron is the fundamental unit of an artificial neural network consisting of inputs, associated weights, a bias term, a summation function, and an activation function.",9,Excellent
A010,Q001,"Perceptron is a mathematical model of a biological neuron. Its core components are input nodes (x_i), associated weights (w_i), an additive bias (b), a summing junction computing z = sum(w_i * x_i) + b, and an activation function f(z) generating the final output.","A perceptron is the fundamental unit of an artificial neural network consisting of inputs, associated weights, a bias term, a summation function, and an activation function.",10,Excellent
A011,Q002,Single layer perceptron has only one input and multi-layer has multiple inputs.,"A single-layer perceptron can only learn linearly separable patterns, whereas a multi-layer perceptron contains one or more hidden layers that enable it to learn complex non-linear decision boundaries.",1,Poor
A012,Q002,Single layer is used for regression and multi-layer is used for classification only.,"A single-layer perceptron can only learn linearly separable patterns, whereas a multi-layer perceptron contains one or more hidden layers that enable it to learn complex non-linear decision boundaries.",2,Poor
A013,Q002,"Single layer has no layers inside, multi-layer has many layers.","A single-layer perceptron can only learn linearly separable patterns, whereas a multi-layer perceptron contains one or more hidden layers that enable it to learn complex non-linear decision boundaries.",3,Weak
A014,Q002,"Single layer cannot solve complex tasks because it has no hidden layers, unlike MLP.","A single-layer perceptron can only learn linearly separable patterns, whereas a multi-layer perceptron contains one or more hidden layers that enable it to learn complex non-linear decision boundaries.",4,Weak
A015,Q002,"Single-layer perceptron has only input and output layers, whereas MLP has one or more hidden layers.","A single-layer perceptron can only learn linearly separable patterns, whereas a multi-layer perceptron contains one or more hidden layers that enable it to learn complex non-linear decision boundaries.",5,Partial
A016,Q002,"SLP can only solve linear problems like AND and OR, while MLP with hidden layers can learn non-linear patterns like XOR.","A single-layer perceptron can only learn linearly separable patterns, whereas a multi-layer perceptron contains one or more hidden layers that enable it to learn complex non-linear decision boundaries.",6,Partial
A017,Q002,"A single-layer perceptron can only classify linearly separable data, while a multi-layer perceptron includes hidden layers enabling it to separate non-linear decision boundaries.","A single-layer perceptron can only learn linearly separable patterns, whereas a multi-layer perceptron contains one or more hidden layers that enable it to learn complex non-linear decision boundaries.",7,Good
A018,Q002,"The difference is that SLP has no hidden layers and forms linear boundaries, while MLP introduces hidden layers with non-linear activations to model non-linear boundaries.","A single-layer perceptron can only learn linearly separable patterns, whereas a multi-layer perceptron contains one or more hidden layers that enable it to learn complex non-linear decision boundaries.",8,Good
A019,Q002,"A single-layer perceptron connects inputs directly to outputs, restricting it to linearly separable problems like AND/OR. An MLP incorporates one or more intermediate hidden layers with non-linear activation functions, allowing it to approximate arbitrary non-linear boundaries like XOR.","A single-layer perceptron can only learn linearly separable patterns, whereas a multi-layer perceptron contains one or more hidden layers that enable it to learn complex non-linear decision boundaries.",9,Excellent
A020,Q002,"Single-layer perceptrons lack hidden layers and can only represent hyperplanes for linearly separable data, famously failing on the XOR problem. Multi-layer perceptrons stack multiple layers of neurons with non-linear activations between input and output, enabling hierarchical feature learning and complex non-linear classification.","A single-layer perceptron can only learn linearly separable patterns, whereas a multi-layer perceptron contains one or more hidden layers that enable it to learn complex non-linear decision boundaries.",10,Excellent
A021,Q003,Bias is when the training data has unwanted discrimination.,"The bias term shifts the activation function along the input axis independently of the inputs, allowing the model to fit patterns that do not pass through the origin.",1,Poor
A022,Q003,Bias is used to multiply the input vector to increase its magnitude.,"The bias term shifts the activation function along the input axis independently of the inputs, allowing the model to fit patterns that do not pass through the origin.",2,Poor
A023,Q003,It is a constant added to change the model output.,"The bias term shifts the activation function along the input axis independently of the inputs, allowing the model to fit patterns that do not pass through the origin.",3,Weak
A024,Q003,Bias is added so the output does not become zero when inputs are zero.,"The bias term shifts the activation function along the input axis independently of the inputs, allowing the model to fit patterns that do not pass through the origin.",4,Weak
A025,Q003,Bias allows shifting the activation function left or right along the axis.,"The bias term shifts the activation function along the input axis independently of the inputs, allowing the model to fit patterns that do not pass through the origin.",5,Partial
A026,Q003,"It acts like the y-intercept in y=mx+c, letting the neuron activate even if all input features are zero.","The bias term shifts the activation function along the input axis independently of the inputs, allowing the model to fit patterns that do not pass through the origin.",6,Partial
A027,Q003,"The bias term shifts the activation curve independently of the input features, enabling the neuron to represent decision boundaries that do not pass through the coordinate origin.","The bias term shifts the activation function along the input axis independently of the inputs, allowing the model to fit patterns that do not pass through the origin.",7,Good
A028,Q003,"Bias provides a learnable offset to the weighted sum, shifting the decision threshold so the activation function can fit data not centered at zero.","The bias term shifts the activation function along the input axis independently of the inputs, allowing the model to fit patterns that do not pass through the origin.",8,Good
A029,Q003,"The bias term acts as an intercept term in the neuron equation z = w^T x + b. It shifts the activation function along the horizontal axis, providing the flexibility to shift the decision boundary away from the origin to better fit the training distribution.","The bias term shifts the activation function along the input axis independently of the inputs, allowing the model to fit patterns that do not pass through the origin.",9,Excellent
A030,Q003,"The role of the bias term is to decouple the activation threshold from input values. Analogous to the constant c in y = mx + c, it allows the hyperplane to shift away from the origin. Without bias, any input vector of all zeros would strictly yield zero, severely limiting model capacity.","The bias term shifts the activation function along the input axis independently of the inputs, allowing the model to fit patterns that do not pass through the origin.",10,Excellent
A031,Q004,It means any neural network will always get 100% accuracy on all datasets.,The theorem states that a feedforward network with a single hidden layer containing a finite number of non-linear neurons can approximate any continuous function on compact subsets of real space to arbitrary accuracy.,1,Poor
A032,Q004,It states that deep learning models can approximate quantum computing algorithms.,The theorem states that a feedforward network with a single hidden layer containing a finite number of non-linear neurons can approximate any continuous function on compact subsets of real space to arbitrary accuracy.,2,Poor
A033,Q004,It says a neural network can approximate any mathematical equation.,The theorem states that a feedforward network with a single hidden layer containing a finite number of non-linear neurons can approximate any continuous function on compact subsets of real space to arbitrary accuracy.,3,Weak
A034,Q004,"With enough layers and neurons, neural networks can approximate any function in the universe.",The theorem states that a feedforward network with a single hidden layer containing a finite number of non-linear neurons can approximate any continuous function on compact subsets of real space to arbitrary accuracy.,4,Weak
A035,Q004,The theorem states that a feedforward network with one hidden layer can approximate continuous functions.,The theorem states that a feedforward network with a single hidden layer containing a finite number of non-linear neurons can approximate any continuous function on compact subsets of real space to arbitrary accuracy.,5,Partial
A036,Q004,"It proves that a standard feedforward network with a single hidden layer and non-linear activation can approximate any continuous function, provided it has sufficient neurons.",The theorem states that a feedforward network with a single hidden layer containing a finite number of non-linear neurons can approximate any continuous function on compact subsets of real space to arbitrary accuracy.,6,Partial
A037,Q004,The Universal Approximation Theorem proves that a feedforward neural network with a single hidden layer containing finite non-linear neurons can approximate any continuous function on a compact subset of R^n to any arbitrary degree of accuracy.,The theorem states that a feedforward network with a single hidden layer containing a finite number of non-linear neurons can approximate any continuous function on compact subsets of real space to arbitrary accuracy.,7,Good
A038,Q004,"It states that a simple multi-layer perceptron with one hidden layer using non-linear activations can approximate any continuous function on compact domains, given enough hidden units, though it does not guarantee learnability.",The theorem states that a feedforward network with a single hidden layer containing a finite number of non-linear neurons can approximate any continuous function on compact subsets of real space to arbitrary accuracy.,8,Good
A039,Q004,"The Universal Approximation Theorem demonstrates that a feedforward network with at least one hidden layer of non-linear activations can approximate any continuous function on compact input subsets to arbitrary precision, given sufficient neurons, although practical optimization may still be difficult.",The theorem states that a feedforward network with a single hidden layer containing a finite number of non-linear neurons can approximate any continuous function on compact subsets of real space to arbitrary accuracy.,9,Excellent
A040,Q004,"Formulated by Cybenko and Hornik, the Universal Approximation Theorem establishes that a feedforward network with a single hidden layer containing a finite number of non-linear neurons can approximate any continuous function on compact subsets of R^n to arbitrary error epsilon > 0. However, it is an existence proof and does not guarantee that gradient descent will find optimal parameters.",The theorem states that a feedforward network with a single hidden layer containing a finite number of non-linear neurons can approximate any continuous function on compact subsets of real space to arbitrary accuracy.,10,Excellent
A041,Q005,"Batch size is the total size of your CSV file, iteration is the time in seconds, and epoch is total memory.",An epoch is one complete pass through the entire training dataset. Batch size is the number of samples processed before updating weights. An iteration is a single gradient update using one batch.,1,Poor
A042,Q005,"Batch size and epoch are the same thing, iteration is just training speed.",An epoch is one complete pass through the entire training dataset. Batch size is the number of samples processed before updating weights. An iteration is a single gradient update using one batch.,2,Poor
A043,Q005,"Epoch is one round of training, batch size is number of data samples, iteration is steps.",An epoch is one complete pass through the entire training dataset. Batch size is the number of samples processed before updating weights. An iteration is a single gradient update using one batch.,3,Weak
A044,Q005,"Batch size is how many samples we pass together, epoch is how many times we repeat, iteration is loop counter.",An epoch is one complete pass through the entire training dataset. Batch size is the number of samples processed before updating weights. An iteration is a single gradient update using one batch.,4,Weak
A045,Q005,An epoch is full pass over dataset. Batch size is chunk size for training. Iteration is number of batches processed.,An epoch is one complete pass through the entire training dataset. Batch size is the number of samples processed before updating weights. An iteration is a single gradient update using one batch.,5,Partial
A046,Q005,Epoch means seeing all data once. Batch size is samples per update. Iterations equal total samples divided by batch size per epoch.,An epoch is one complete pass through the entire training dataset. Batch size is the number of samples processed before updating weights. An iteration is a single gradient update using one batch.,6,Partial
A047,Q005,An epoch is one complete cycle through the entire training dataset. Batch size is the number of training examples in one forward/backward pass. An iteration is one parameter update using a single batch.,An epoch is one complete pass through the entire training dataset. Batch size is the number of samples processed before updating weights. An iteration is a single gradient update using one batch.,7,Good
A048,Q005,Batch size is the number of samples processed per update; an iteration is one step of gradient update; an epoch is reached when the model has processed the entire dataset once.,An epoch is one complete pass through the entire training dataset. Batch size is the number of samples processed before updating weights. An iteration is a single gradient update using one batch.,8,Good
A049,Q005,"An epoch is one complete traversal of the entire training set. The batch size is the subset of samples evaluated before updating weights. An iteration is a single gradient update step; for example, 1000 samples with batch size 100 equals 10 iterations per epoch.",An epoch is one complete pass through the entire training dataset. Batch size is the number of samples processed before updating weights. An iteration is a single gradient update using one batch.,9,Excellent
A050,Q005,"Batch size denotes the number of training instances processed before computing gradients and updating weights. An iteration refers to a single parameter update on one mini-batch. An epoch represents one complete pass through the entire training dataset, meaning the number of iterations per epoch equals total dataset size divided by batch size.",An epoch is one complete pass through the entire training dataset. Batch size is the number of samples processed before updating weights. An iteration is a single gradient update using one batch.,10,Excellent
A051,Q006,Initializing weights to zero makes the model train in zero seconds.,"Initializing all weights to zero causes symmetric neuron activations in hidden layers, meaning all neurons compute identical gradients and update identically, preventing the network from learning distinct features.",1,Poor
A052,Q006,"If weights are zero, the learning rate becomes negative and causes underflow.","Initializing all weights to zero causes symmetric neuron activations in hidden layers, meaning all neurons compute identical gradients and update identically, preventing the network from learning distinct features.",2,Poor
A053,Q006,Weight initialization is important so that neurons don't produce zero output.,"Initializing all weights to zero causes symmetric neuron activations in hidden layers, meaning all neurons compute identical gradients and update identically, preventing the network from learning distinct features.",3,Weak
A054,Q006,"If all weights are zero, gradients will cancel out and weights cannot change properly.","Initializing all weights to zero causes symmetric neuron activations in hidden layers, meaning all neurons compute identical gradients and update identically, preventing the network from learning distinct features.",4,Weak
A055,Q006,"If weights are zero, all hidden neurons compute the same thing, so they can't learn different features.","Initializing all weights to zero causes symmetric neuron activations in hidden layers, meaning all neurons compute identical gradients and update identically, preventing the network from learning distinct features.",5,Partial
A056,Q006,Zero initialization leads to symmetry problem where all neurons receive the same gradient and update identically during backprop.,"Initializing all weights to zero causes symmetric neuron activations in hidden layers, meaning all neurons compute identical gradients and update identically, preventing the network from learning distinct features.",6,Partial
A057,Q006,"Weight initialization is critical for gradient flow. Initializing to zero creates symmetry: all hidden units compute identical outputs and gradients, preventing the network from learning diverse features.","Initializing all weights to zero causes symmetric neuron activations in hidden layers, meaning all neurons compute identical gradients and update identically, preventing the network from learning distinct features.",7,Good
A058,Q006,"If all weights start at zero, every neuron in a hidden layer performs identical computations and gets identical gradient updates, meaning the layer acts like a single neuron and fails to break symmetry.","Initializing all weights to zero causes symmetric neuron activations in hidden layers, meaning all neurons compute identical gradients and update identically, preventing the network from learning distinct features.",8,Good
A059,Q006,"Proper initialization prevents vanishing or exploding gradients. If all weights are initialized to zero, symmetry is preserved: all neurons in a hidden layer output the same activation and receive identical gradients, making it impossible to learn differentiated feature representations.","Initializing all weights to zero causes symmetric neuron activations in hidden layers, meaning all neurons compute identical gradients and update identically, preventing the network from learning distinct features.",9,Excellent
A060,Q006,"Weight initialization sets initial variance to maintain signal scale across layers. If weights are initialized to zero, every neuron in a given hidden layer computes identical forward outputs and identical gradients during backpropagation. Because symmetry is never broken, the neurons update identically across epochs, effectively reducing the hidden layer to a single neuron.","Initializing all weights to zero causes symmetric neuron activations in hidden layers, meaning all neurons compute identical gradients and update identically, preventing the network from learning distinct features.",10,Excellent
A061,Q007,Parameters are input data and hyperparameters are test data.,"Parameters are internal variables learned directly from training data such as weights and biases. Hyperparameters are external configuration choices set prior to training, such as learning rate, batch size, and architecture.",1,Poor
A062,Q007,Parameters are used in regression and hyperparameters are used in classification.,"Parameters are internal variables learned directly from training data such as weights and biases. Hyperparameters are external configuration choices set prior to training, such as learning rate, batch size, and architecture.",2,Poor
A063,Q007,Parameters are internal and hyperparameters are external settings.,"Parameters are internal variables learned directly from training data such as weights and biases. Hyperparameters are external configuration choices set prior to training, such as learning rate, batch size, and architecture.",3,Weak
A064,Q007,"Parameters are weights, hyperparameters are numbers we give to python code like epoch.","Parameters are internal variables learned directly from training data such as weights and biases. Hyperparameters are external configuration choices set prior to training, such as learning rate, batch size, and architecture.",4,Weak
A065,Q007,"Parameters like weights and bias are learned by the model, whereas hyperparameters like learning rate are set manually.","Parameters are internal variables learned directly from training data such as weights and biases. Hyperparameters are external configuration choices set prior to training, such as learning rate, batch size, and architecture.",5,Partial
A066,Q007,"Model parameters are learned from data during training, while hyperparameters define the training process and architecture and are tuned before training.","Parameters are internal variables learned directly from training data such as weights and biases. Hyperparameters are external configuration choices set prior to training, such as learning rate, batch size, and architecture.",6,Partial
A067,Q007,"Parameters are internal values learned automatically by the network during training, such as weights and biases. Hyperparameters are external configuration choices set by the engineer before training, like learning rate and batch size.","Parameters are internal variables learned directly from training data such as weights and biases. Hyperparameters are external configuration choices set prior to training, such as learning rate, batch size, and architecture.",7,Good
A068,Q007,"Model parameters are updated by optimization algorithms during training (weights, biases). Hyperparameters govern the learning process and structure (learning rate, layer count, epochs) and are tuned via validation search.","Parameters are internal variables learned directly from training data such as weights and biases. Hyperparameters are external configuration choices set prior to training, such as learning rate, batch size, and architecture.",8,Good
A069,Q007,"Model parameters are internal variables optimized directly from data via backpropagation (e.g., connection weights and biases). Hyperparameters are higher-level configuration settings specified prior to training that govern model architecture and training dynamics, such as learning rate, batch size, and regularization strength.","Parameters are internal variables learned directly from training data such as weights and biases. Hyperparameters are external configuration choices set prior to training, such as learning rate, batch size, and architecture.",9,Excellent
A070,Q007,"Parameters (weights, biases) are estimated directly from the training data by minimizing the loss function through gradient descent. Hyperparameters (learning rate, optimizer type, number of hidden layers, dropout rate) cannot be learned directly from standard gradient descent and must be set beforehand or tuned using techniques like grid search or Bayesian optimization.","Parameters are internal variables learned directly from training data such as weights and biases. Hyperparameters are external configuration choices set prior to training, such as learning rate, batch size, and architecture.",10,Excellent
A071,Q008,Xavier is for regression problems and He initialization is only for classification.,"Xavier initialization scales weights based on input and output connections assuming linear or Sigmoid/Tanh activations, while He initialization scales variance by two over fan-in specifically to preserve activation variance with ReLU functions.",1,Poor
A072,Q008,He initialization divides weights by zero and Xavier multiplies by ten.,"Xavier initialization scales weights based on input and output connections assuming linear or Sigmoid/Tanh activations, while He initialization scales variance by two over fan-in specifically to preserve activation variance with ReLU functions.",2,Poor
A073,Q008,Xavier is older and He initialization is newer.,"Xavier initialization scales weights based on input and output connections assuming linear or Sigmoid/Tanh activations, while He initialization scales variance by two over fan-in specifically to preserve activation variance with ReLU functions.",3,Weak
A074,Q008,Xavier is used for sigmoid functions and He is used for relu functions.,"Xavier initialization scales weights based on input and output connections assuming linear or Sigmoid/Tanh activations, while He initialization scales variance by two over fan-in specifically to preserve activation variance with ReLU functions.",4,Weak
A075,Q008,"Xavier scales weights based on input and output connections for sigmoid/tanh, while He is designed for ReLU.","Xavier initialization scales weights based on input and output connections assuming linear or Sigmoid/Tanh activations, while He initialization scales variance by two over fan-in specifically to preserve activation variance with ReLU functions.",5,Partial
A076,Q008,"Xavier initialization assumes linear activations and divides by fan-in + fan-out, whereas He initialization divides by fan-in with a factor of 2 for ReLU.","Xavier initialization scales weights based on input and output connections assuming linear or Sigmoid/Tanh activations, while He initialization scales variance by two over fan-in specifically to preserve activation variance with ReLU functions.",6,Partial
A077,Q008,"Xavier initialization sets weight variance proportional to 2 / (fan_in + fan_out) for symmetric activations like Tanh, while He initialization sets variance to 2 / fan_in to account for ReLU's half-zero activations.","Xavier initialization scales weights based on input and output connections assuming linear or Sigmoid/Tanh activations, while He initialization scales variance by two over fan-in specifically to preserve activation variance with ReLU functions.",7,Good
A078,Q008,Xavier (Glorot) is designed for Sigmoid and Tanh activations to keep variance constant across layers. He (Kaiming) initialization doubles the variance to 2/fan_in to compensate for ReLU deactivating roughly half the neurons.,"Xavier initialization scales weights based on input and output connections assuming linear or Sigmoid/Tanh activations, while He initialization scales variance by two over fan-in specifically to preserve activation variance with ReLU functions.",8,Good
A079,Q008,"Xavier initialization assumes zero-mean linear activations and sets weight variance to 2 / (fan_in + fan_out) to preserve activation variance for Sigmoid/Tanh. He initialization adapts this for ReLU, setting variance to 2 / fan_in to account for the fact that ReLU zeroes out half the inputs.","Xavier initialization scales weights based on input and output connections assuming linear or Sigmoid/Tanh activations, while He initialization scales variance by two over fan-in specifically to preserve activation variance with ReLU functions.",9,Excellent
A080,Q008,"Xavier/Glorot initialization draws weights with variance 2 / (fan_in + fan_out) to maintain signal variance in forward and backward passes, assuming symmetric activations like Tanh. He/Kaiming initialization recognizes that ReLU cuts half the distribution to zero, so it scales variance to 2 / fan_in to prevent the signal from attenuating exponentially in deep ReLU networks.","Xavier initialization scales weights based on input and output connections assuming linear or Sigmoid/Tanh activations, while He initialization scales variance by two over fan-in specifically to preserve activation variance with ReLU functions.",10,Excellent
A081,Q009,Covariate shift means changing the GPU during training.,Internal covariate shift is the continuous change in the distribution of layer inputs as preceding layers update. Batch Normalization stabilizes training by normalizing layer activations to zero mean and unit variance across mini-batches.,1,Poor
A082,Q009,It means that the batch size changes randomly between epochs.,Internal covariate shift is the continuous change in the distribution of layer inputs as preceding layers update. Batch Normalization stabilizes training by normalizing layer activations to zero mean and unit variance across mini-batches.,2,Poor
A083,Q009,It is when layer outputs keep changing during training.,Internal covariate shift is the continuous change in the distribution of layer inputs as preceding layers update. Batch Normalization stabilizes training by normalizing layer activations to zero mean and unit variance across mini-batches.,3,Weak
A084,Q009,"Internal covariate shift makes training slow, so batch normalization makes batches normal.",Internal covariate shift is the continuous change in the distribution of layer inputs as preceding layers update. Batch Normalization stabilizes training by normalizing layer activations to zero mean and unit variance across mini-batches.,4,Weak
A085,Q009,"Internal covariate shift is when the distribution of inputs to a layer shifts as earlier layers update, and batch norm centers and scales the batch.",Internal covariate shift is the continuous change in the distribution of layer inputs as preceding layers update. Batch Normalization stabilizes training by normalizing layer activations to zero mean and unit variance across mini-batches.,5,Partial
A086,Q009,It refers to changing distributions of layer activations during training. Batch Normalization fixes this by normalizing mini-batch inputs to zero mean and unit variance.,Internal covariate shift is the continuous change in the distribution of layer inputs as preceding layers update. Batch Normalization stabilizes training by normalizing layer activations to zero mean and unit variance across mini-batches.,6,Partial
A087,Q009,Internal covariate shift is the continuous change in the distribution of internal layer inputs as previous layer weights update. Batch Normalization mitigates this by normalizing activations over each mini-batch using learned scale and shift parameters.,Internal covariate shift is the continuous change in the distribution of layer inputs as preceding layers update. Batch Normalization stabilizes training by normalizing layer activations to zero mean and unit variance across mini-batches.,7,Good
A088,Q009,"It describes how updates in early layers alter the input distributions to subsequent layers, requiring them to constantly adapt. Batch Normalization standardizes intermediate activations to zero mean and unit variance, stabilizing learning.",Internal covariate shift is the continuous change in the distribution of layer inputs as preceding layers update. Batch Normalization stabilizes training by normalizing layer activations to zero mean and unit variance across mini-batches.,8,Good
A089,Q009,"Internal covariate shift refers to the shifting distribution of layer inputs caused by parameter updates in preceding layers. Batch Normalization addresses this by standardizing activations across each mini-batch (zero mean, unit variance) and introducing learnable scale (gamma) and shift (beta) parameters, enabling faster and more stable convergence.",Internal covariate shift is the continuous change in the distribution of layer inputs as preceding layers update. Batch Normalization stabilizes training by normalizing layer activations to zero mean and unit variance across mini-batches.,9,Excellent
A090,Q009,"Internal covariate shift describes the phenomenon where updating weights in earlier layers continuously shifts the mean and variance of inputs arriving at deeper layers, forcing them to continuously adapt. Batch Normalization stabilizes training by standardizing mini-batch inputs using mini-batch mean and variance, then applying learnable scale (gamma) and shift (beta) parameters, allowing higher learning rates and reducing dependency on initialization.",Internal covariate shift is the continuous change in the distribution of layer inputs as preceding layers update. Batch Normalization stabilizes training by normalizing layer activations to zero mean and unit variance across mini-batches.,10,Excellent
A091,Q010,L1 regularization is for level 1 neural nets and L2 is for level 2.,"L1 regularization adds the absolute sum of weights to the loss, driving non-essential weights strictly to zero to encourage sparsity. L2 regularization adds squared weight magnitudes, smoothly penalizing large weights without forcing exact zeros.",1,Poor
A092,Q010,L1 changes learning rate and L2 changes the batch size.,"L1 regularization adds the absolute sum of weights to the loss, driving non-essential weights strictly to zero to encourage sparsity. L2 regularization adds squared weight magnitudes, smoothly penalizing large weights without forcing exact zeros.",2,Poor
A093,Q010,L1 uses absolute value and L2 uses square of weights to reduce overfitting.,"L1 regularization adds the absolute sum of weights to the loss, driving non-essential weights strictly to zero to encourage sparsity. L2 regularization adds squared weight magnitudes, smoothly penalizing large weights without forcing exact zeros.",3,Weak
A094,Q010,L1 makes weights small and L2 also makes weights small to stop memorizing.,"L1 regularization adds the absolute sum of weights to the loss, driving non-essential weights strictly to zero to encourage sparsity. L2 regularization adds squared weight magnitudes, smoothly penalizing large weights without forcing exact zeros.",4,Weak
A095,Q010,"L1 adds the absolute value of weights and can make weights zero, while L2 adds squared weights.","L1 regularization adds the absolute sum of weights to the loss, driving non-essential weights strictly to zero to encourage sparsity. L2 regularization adds squared weight magnitudes, smoothly penalizing large weights without forcing exact zeros.",5,Partial
A096,Q010,"L1 regularization produces sparse models by zeroing out unimportant weights (Lasso), whereas L2 shrinks weights towards zero without making them exactly zero (Ridge/Weight Decay).","L1 regularization adds the absolute sum of weights to the loss, driving non-essential weights strictly to zero to encourage sparsity. L2 regularization adds squared weight magnitudes, smoothly penalizing large weights without forcing exact zeros.",6,Partial
A097,Q010,"L1 regularization adds the absolute sum of weights to the loss function, producing sparse weight vectors. L2 regularization adds the sum of squared weights, smoothly shrinking weights to prevent any single weight from dominating.","L1 regularization adds the absolute sum of weights to the loss, driving non-essential weights strictly to zero to encourage sparsity. L2 regularization adds squared weight magnitudes, smoothly penalizing large weights without forcing exact zeros.",7,Good
A098,Q010,"L1 adds an absolute penalty term encouraging sparsity and feature selection by driving weights to absolute zero. L2 (weight decay) adds a quadratic penalty, penalizing large weights smoothly without forcing exact sparsity.","L1 regularization adds the absolute sum of weights to the loss, driving non-essential weights strictly to zero to encourage sparsity. L2 regularization adds squared weight magnitudes, smoothly penalizing large weights without forcing exact zeros.",8,Good
A099,Q010,"L1 regularization penalizes the absolute value of weights (lambda * sum|w|), driving less important weights strictly to zero to produce sparsity and automatic feature selection. L2 regularization penalizes squared weights (lambda * sum(w^2)), decaying all weights proportionally to avoid large weights and reduce overfitting without zeroing them.","L1 regularization adds the absolute sum of weights to the loss, driving non-essential weights strictly to zero to encourage sparsity. L2 regularization adds squared weight magnitudes, smoothly penalizing large weights without forcing exact zeros.",9,Excellent
A100,Q010,"L1 regularization adds an L1-norm penalty (sum of absolute weights) to the cost function, creating non-smooth diamond contours that drive redundant weights to exact zeros, yielding sparse representations. L2 regularization (weight decay) penalizes the squared L2-norm, creating circular contours that decay weights smoothly towards zero, reducing model complexity and sensitivity to noise while preserving all features.","L1 regularization adds the absolute sum of weights to the loss, driving non-essential weights strictly to zero to encourage sparsity. L2 regularization adds squared weight magnitudes, smoothly penalizing large weights without forcing exact zeros.",10,Excellent
A101,Q011,Non-linear functions are needed so the computer doesn't run out of memory.,"Without non-linear activation functions, stacking multiple dense layers merely collapses into a single linear transformation regardless of depth, preventing the network from learning non-linear relationships.",1,Poor
A102,Q011,Because linear functions cannot be trained with Python.,"Without non-linear activation functions, stacking multiple dense layers merely collapses into a single linear transformation regardless of depth, preventing the network from learning non-linear relationships.",2,Poor
A103,Q011,Because linear functions are too simple to do deep learning.,"Without non-linear activation functions, stacking multiple dense layers merely collapses into a single linear transformation regardless of depth, preventing the network from learning non-linear relationships.",3,Weak
A104,Q011,"Without them, the neural network cannot learn complex patterns.","Without non-linear activation functions, stacking multiple dense layers merely collapses into a single linear transformation regardless of depth, preventing the network from learning non-linear relationships.",4,Weak
A105,Q011,"If we only use linear activations, multiple layers collapse into just one linear layer.","Without non-linear activation functions, stacking multiple dense layers merely collapses into a single linear transformation regardless of depth, preventing the network from learning non-linear relationships.",5,Partial
A106,Q011,"Without non-linear activations, any deep network is mathematically equivalent to a single-layer linear model, so it cannot solve non-linear problems.","Without non-linear activation functions, stacking multiple dense layers merely collapses into a single linear transformation regardless of depth, preventing the network from learning non-linear relationships.",6,Partial
A107,Q011,"Non-linear activations allow networks to learn non-linear boundaries; without them, a composition of linear layers collapses into a single linear transformation regardless of depth.","Without non-linear activation functions, stacking multiple dense layers merely collapses into a single linear transformation regardless of depth, preventing the network from learning non-linear relationships.",7,Good
A108,Q011,"They introduce non-linearity required to fit complex functions. If layers were purely linear, W2(W1x + b1) + b2 would simplify to W'x + b', negating the benefits of having multiple layers.","Without non-linear activation functions, stacking multiple dense layers merely collapses into a single linear transformation regardless of depth, preventing the network from learning non-linear relationships.",8,Good
A109,Q011,"Non-linear activation functions are essential because the composition of purely linear functions is itself a linear function. Without non-linearity, a deep neural network with arbitrary depth would reduce mathematically to a single linear layer, rendering it unable to learn non-linear decision surfaces like XOR.","Without non-linear activation functions, stacking multiple dense layers merely collapses into a single linear transformation regardless of depth, preventing the network from learning non-linear relationships.",9,Excellent
A110,Q011,"Linear transformations are closed under composition: if all layers are linear, f(x) = W_L ... W_1 x simplifies to W_net x + b_net. Non-linear activation functions introduce non-linearities at each neuron, breaking this linear collapse and enabling deep architectures to act as universal function approximators capable of modeling complex real-world data distributions.","Without non-linear activation functions, stacking multiple dense layers merely collapses into a single linear transformation regardless of depth, preventing the network from learning non-linear relationships.",10,Excellent
A111,Q012,Sigmoid is f(x) = x^2 and its output range is from negative infinity to positive infinity.,"The Sigmoid function is defined as f(x) = 1 / (1 + exp(-x)), which maps any real-valued number into an output range between 0 and 1, making it well-suited for probability estimation.",1,Poor
A112,Q012,"Sigmoid formula is max(0, x) and output is between -1 and 1.","The Sigmoid function is defined as f(x) = 1 / (1 + exp(-x)), which maps any real-valued number into an output range between 0 and 1, making it well-suited for probability estimation.",2,Poor
A113,Q012,"It is 1 divided by something with e, and output is 0 to 1.","The Sigmoid function is defined as f(x) = 1 / (1 + exp(-x)), which maps any real-valued number into an output range between 0 and 1, making it well-suited for probability estimation.",3,Weak
A114,Q012,Formula is 1 / (1 + e^(-x)) and it outputs numbers between -1 and 1.,"The Sigmoid function is defined as f(x) = 1 / (1 + exp(-x)), which maps any real-valued number into an output range between 0 and 1, making it well-suited for probability estimation.",4,Weak
A115,Q012,The formula is sigma(x) = 1 / (1 + e^(-x)) and its range is strictly between 0 and 1.,"The Sigmoid function is defined as f(x) = 1 / (1 + exp(-x)), which maps any real-valued number into an output range between 0 and 1, making it well-suited for probability estimation.",5,Partial
A116,Q012,"Sigmoid is 1 / (1 + exp(-x)), mapping all real numbers into probabilities between 0 and 1.","The Sigmoid function is defined as f(x) = 1 / (1 + exp(-x)), which maps any real-valued number into an output range between 0 and 1, making it well-suited for probability estimation.",6,Partial
A117,Q012,"The Sigmoid function is mathematically defined as f(x) = 1 / (1 + e^(-x)). Its output range is (0, 1), making it ideal for modeling probabilities.","The Sigmoid function is defined as f(x) = 1 / (1 + exp(-x)), which maps any real-valued number into an output range between 0 and 1, making it well-suited for probability estimation.",7,Good
A118,Q012,"Formulation is f(x) = 1 / (1 + exp(-x)). It squashes any real-valued input into the open interval (0, 1), often used in binary output layers.","The Sigmoid function is defined as f(x) = 1 / (1 + exp(-x)), which maps any real-valued number into an output range between 0 and 1, making it well-suited for probability estimation.",8,Good
A119,Q012,"The mathematical formula for Sigmoid is sigma(x) = 1 / (1 + exp(-x)). Its output domain maps real inputs (-inf, +inf) into the continuous range (0, 1), asymptotically approaching 0 as x goes to negative infinity and 1 as x goes to positive infinity.","The Sigmoid function is defined as f(x) = 1 / (1 + exp(-x)), which maps any real-valued number into an output range between 0 and 1, making it well-suited for probability estimation.",9,Excellent
A120,Q012,"The Sigmoid activation is formulated as f(x) = 1 / (1 + e^(-x)), possessing an S-shaped curve that maps the entire real line R into the open interval (0, 1). Its derivative is f'(x) = f(x)(1 - f(x)), which reaches its maximum value of 0.25 at x = 0 and rapidly saturates toward 0 at the tails.","The Sigmoid function is defined as f(x) = 1 / (1 + exp(-x)), which maps any real-valued number into an output range between 0 and 1, making it well-suited for probability estimation.",10,Excellent
A121,Q013,ReLU is f(x) = tanh(x) with range from -1 to 1.,"ReLU is defined as f(x) = max(0, x), mapping negative inputs to 0 and positive inputs linearly to themselves, with an output range from 0 to infinity.",1,Poor
A122,Q013,ReLU formula is 1 / (1 + exp(-x)) and its range is from 0 to 1.,"ReLU is defined as f(x) = max(0, x), mapping negative inputs to 0 and positive inputs linearly to themselves, with an output range from 0 to infinity.",2,Poor
A123,Q013,ReLU sets negatives to zero and range is positive numbers.,"ReLU is defined as f(x) = max(0, x), mapping negative inputs to 0 and positive inputs linearly to themselves, with an output range from 0 to infinity.",3,Weak
A124,Q013,"Formula is max(0, x) and output range is -infinity to infinity.","ReLU is defined as f(x) = max(0, x), mapping negative inputs to 0 and positive inputs linearly to themselves, with an output range from 0 to infinity.",4,Weak
A125,Q013,"ReLU formula is f(x) = max(0, x) and the output range is from 0 to infinity.","ReLU is defined as f(x) = max(0, x), mapping negative inputs to 0 and positive inputs linearly to themselves, with an output range from 0 to infinity.",5,Partial
A126,Q013,"The formula is f(x) = max(0, x). It leaves positive values unchanged and clamps all negative inputs to 0, giving range [0, inf).","ReLU is defined as f(x) = max(0, x), mapping negative inputs to 0 and positive inputs linearly to themselves, with an output range from 0 to infinity.",6,Partial
A127,Q013,"The Rectified Linear Unit is defined as f(x) = max(0, x). Its output range is [0, inf), outputting 0 for negative inputs and x for positive inputs.","ReLU is defined as f(x) = max(0, x), mapping negative inputs to 0 and positive inputs linearly to themselves, with an output range from 0 to infinity.",7,Good
A128,Q013,"ReLU is mathematically expressed as f(x) = max(0, x). Its range is [0, +inf), offering computational simplicity and non-saturating gradients for positive inputs.","ReLU is defined as f(x) = max(0, x), mapping negative inputs to 0 and positive inputs linearly to themselves, with an output range from 0 to infinity.",8,Good
A129,Q013,"The ReLU activation function is defined piecewise as f(x) = max(0, x), or f(x) = x for x >= 0 and 0 for x < 0. Its range is [0, +inf), providing constant gradient of 1 for positive activations, which helps alleviate the vanishing gradient problem.","ReLU is defined as f(x) = max(0, x), mapping negative inputs to 0 and positive inputs linearly to themselves, with an output range from 0 to infinity.",9,Excellent
A130,Q013,"ReLU is formulated as f(x) = max(0, x). Its output range is half-bounded on [0, infinity). For all positive inputs, its derivative is exactly 1, completely preventing gradient saturation for positive values while inducing sparse representations by setting negative activations strictly to 0.","ReLU is defined as f(x) = max(0, x), mapping negative inputs to 0 and positive inputs linearly to themselves, with an output range from 0 to infinity.",10,Excellent
A131,Q014,Dying ReLU happens when the CPU runs out of memory during backward pass.,"The Dying ReLU problem occurs when large negative gradients or bias updates push a neuron into a regime where it outputs zero for all inputs, resulting in a zero gradient that permanently halts learning for that neuron.",1,Poor
A132,Q014,It means that the ReLU function produces infinity and crashes TensorFlow.,"The Dying ReLU problem occurs when large negative gradients or bias updates push a neuron into a regime where it outputs zero for all inputs, resulting in a zero gradient that permanently halts learning for that neuron.",2,Poor
A133,Q014,It happens when ReLU neurons die and never learn again.,"The Dying ReLU problem occurs when large negative gradients or bias updates push a neuron into a regime where it outputs zero for all inputs, resulting in a zero gradient that permanently halts learning for that neuron.",3,Weak
A134,Q014,Neurons become inactive because gradients become too big and turn to zero.,"The Dying ReLU problem occurs when large negative gradients or bias updates push a neuron into a regime where it outputs zero for all inputs, resulting in a zero gradient that permanently halts learning for that neuron.",4,Weak
A135,Q014,Dying ReLU happens when a neuron outputs 0 for all data because the weights got updated into negative values.,"The Dying ReLU problem occurs when large negative gradients or bias updates push a neuron into a regime where it outputs zero for all inputs, resulting in a zero gradient that permanently halts learning for that neuron.",5,Partial
A136,Q014,"It occurs when a large gradient pushes the neuron weights such that the net input is always negative. Since ReLU derivative is 0 for negative x, the neuron cannot recover.","The Dying ReLU problem occurs when large negative gradients or bias updates push a neuron into a regime where it outputs zero for all inputs, resulting in a zero gradient that permanently halts learning for that neuron.",6,Partial
A137,Q014,"The Dying ReLU problem occurs when large negative bias updates cause a neuron's input to be consistently negative, resulting in a zero output and zero gradient, meaning the neuron stops learning permanently.","The Dying ReLU problem occurs when large negative gradients or bias updates push a neuron into a regime where it outputs zero for all inputs, resulting in a zero gradient that permanently halts learning for that neuron.",7,Good
A138,Q014,"It happens when a neuron gets knocked into negative territory by large gradient updates. Because the gradient of ReLU is 0 for x < 0, the neuron's weights never get updated again, effectively killing it.","The Dying ReLU problem occurs when large negative gradients or bias updates push a neuron into a regime where it outputs zero for all inputs, resulting in a zero gradient that permanently halts learning for that neuron.",8,Good
A139,Q014,"The Dying ReLU problem occurs when a neuron's activation falls below zero across all training examples due to large negative gradient updates or unfavorable initialization. Because the derivative of ReLU for x < 0 is strictly zero, no gradient flows back to update the weights, leaving the neuron permanently dormant.","The Dying ReLU problem occurs when large negative gradients or bias updates push a neuron into a regime where it outputs zero for all inputs, resulting in a zero gradient that permanently halts learning for that neuron.",9,Excellent
A140,Q014,"Dying ReLU refers to neurons becoming permanently inactive during training. When a large gradient update causes the net input z = w^T x + b to become negative for all inputs in the dataset, ReLU outputs 0 with a gradient of 0. Backpropagation cannot update the weights since dL/dw = 0, causing the neuron to permanently die. This can be resolved using variants like Leaky ReLU or ELU.","The Dying ReLU problem occurs when large negative gradients or bias updates push a neuron into a regime where it outputs zero for all inputs, resulting in a zero gradient that permanently halts learning for that neuron.",10,Excellent
A141,Q015,Leaky ReLU replaces all numbers with random numbers so they don't die.,"Leaky ReLU introduces a small non-zero slope (such as 0.01) for negative inputs, f(x) = max(alpha * x, x), ensuring gradients never become completely zero during backpropagation.",1,Poor
A142,Q015,Leaky ReLU is used only in recurrent networks to prevent overflow.,"Leaky ReLU introduces a small non-zero slope (such as 0.01) for negative inputs, f(x) = max(alpha * x, x), ensuring gradients never become completely zero during backpropagation.",2,Poor
A143,Q015,Leaky ReLU leaks some gradient for negative numbers.,"Leaky ReLU introduces a small non-zero slope (such as 0.01) for negative inputs, f(x) = max(alpha * x, x), ensuring gradients never become completely zero during backpropagation.",3,Weak
A144,Q015,It allows negative values to have a small slope instead of zero.,"Leaky ReLU introduces a small non-zero slope (such as 0.01) for negative inputs, f(x) = max(alpha * x, x), ensuring gradients never become completely zero during backpropagation.",4,Weak
A145,Q015,"Leaky ReLU defines f(x) = max(alpha * x, x) where alpha is small like 0.01 so gradients are not zero for negative inputs.","Leaky ReLU introduces a small non-zero slope (such as 0.01) for negative inputs, f(x) = max(alpha * x, x), ensuring gradients never become completely zero during backpropagation.",5,Partial
A146,Q015,"By introducing a slight slope like 0.01 for negative x, Leaky ReLU prevents neurons from having a zero gradient, fixing the dying ReLU problem.","Leaky ReLU introduces a small non-zero slope (such as 0.01) for negative inputs, f(x) = max(alpha * x, x), ensuring gradients never become completely zero during backpropagation.",6,Partial
A147,Q015,"Leaky ReLU prevents the dying ReLU problem by adding a small positive slope (e.g., alpha = 0.01) for negative inputs, f(x) = max(alpha * x, x), ensuring non-zero gradients flow through during backprop.","Leaky ReLU introduces a small non-zero slope (such as 0.01) for negative inputs, f(x) = max(alpha * x, x), ensuring gradients never become completely zero during backpropagation.",7,Good
A148,Q015,"Instead of setting negative inputs strictly to zero, Leaky ReLU allows a slight negative slope (typically 0.01x), so gradients do not vanish completely and inactive neurons have a chance to recover.","Leaky ReLU introduces a small non-zero slope (such as 0.01) for negative inputs, f(x) = max(alpha * x, x), ensuring gradients never become completely zero during backpropagation.",8,Good
A149,Q015,"Leaky ReLU addresses the dying ReLU problem by replacing the flat zero region with a small non-zero slope: f(x) = x for x >= 0, and f(x) = alpha * x for x < 0 (typically alpha = 0.01). This ensures that the derivative is alpha rather than zero for negative values, allowing gradients to propagate and letting neurons recover.","Leaky ReLU introduces a small non-zero slope (such as 0.01) for negative inputs, f(x) = max(alpha * x, x), ensuring gradients never become completely zero during backpropagation.",9,Excellent
A150,Q015,"Standard ReLU suffers from dead neurons due to zero gradient for x < 0. Leaky ReLU resolves this via f(x) = max(alpha * x, x), where alpha is a small positive constant like 0.01. Its derivative is 1 for x > 0 and alpha for x < 0. Because the gradient never reaches zero anywhere on the real line, weights can continue updating even when activations are negative, preventing permanent neuron death.","Leaky ReLU introduces a small non-zero slope (such as 0.01) for negative inputs, f(x) = max(alpha * x, x), ensuring gradients never become completely zero during backpropagation.",10,Excellent
A151,Q016,Tanh is preferred because it does not use mathematical exponents.,"Tanh is zero-centered with an output range from -1 to 1, preventing systematic directional bias in downstream gradient updates and leading to faster, more balanced convergence than Sigmoid.",1,Poor
A152,Q016,Because Tanh is always positive and Sigmoid is negative.,"Tanh is zero-centered with an output range from -1 to 1, preventing systematic directional bias in downstream gradient updates and leading to faster, more balanced convergence than Sigmoid.",2,Poor
A153,Q016,Tanh has bigger output range so it trains better.,"Tanh is zero-centered with an output range from -1 to 1, preventing systematic directional bias in downstream gradient updates and leading to faster, more balanced convergence than Sigmoid.",3,Weak
A154,Q016,Tanh is centered around zero while sigmoid is between 0 and 1.,"Tanh is zero-centered with an output range from -1 to 1, preventing systematic directional bias in downstream gradient updates and leading to faster, more balanced convergence than Sigmoid.",4,Weak
A155,Q016,"Tanh is zero-centered with outputs from -1 to 1, which helps avoid gradient bias compared to sigmoid.","Tanh is zero-centered with an output range from -1 to 1, preventing systematic directional bias in downstream gradient updates and leading to faster, more balanced convergence than Sigmoid.",5,Partial
A156,Q016,"Tanh outputs range from -1 to 1, meaning its mean activation is close to 0. This prevents gradients from all going in the same positive direction as in Sigmoid.","Tanh is zero-centered with an output range from -1 to 1, preventing systematic directional bias in downstream gradient updates and leading to faster, more balanced convergence than Sigmoid.",6,Partial
A157,Q016,"Tanh is zero-centered with an output range of [-1, 1], unlike Sigmoid which is strictly positive (0, 1). This zero-centering prevents zig-zagging gradient dynamics and speeds up training convergence.","Tanh is zero-centered with an output range from -1 to 1, preventing systematic directional bias in downstream gradient updates and leading to faster, more balanced convergence than Sigmoid.",7,Good
A158,Q016,"Because Tanh outputs both positive and negative values centered at zero, subsequent layer inputs are approximately zero-mean. This avoids systematic bias in weight updates that occurs with Sigmoid's strictly positive outputs.","Tanh is zero-centered with an output range from -1 to 1, preventing systematic directional bias in downstream gradient updates and leading to faster, more balanced convergence than Sigmoid.",8,Good
A159,Q016,"Tanh is preferred in hidden layers because it is zero-centered, spanning (-1, 1). With Sigmoid (0, 1), all neuron outputs are strictly positive, causing the gradients of weights in the following layer to be all positive or all negative, leading to slow, oscillatory zig-zag convergence. Tanh eliminates this directional bias.","Tanh is zero-centered with an output range from -1 to 1, preventing systematic directional bias in downstream gradient updates and leading to faster, more balanced convergence than Sigmoid.",9,Excellent
A160,Q016,"Tanh outputs are centered at zero with range (-1, 1), whereas Sigmoid outputs are strictly positive in (0, 1). When inputs to a layer are strictly positive, the gradient of the loss with respect to all weights flowing from that neuron share the same sign, forcing weight updates into inefficient zig-zagging trajectories. Tanh's zero-mean property provides balanced gradient directions and steeper gradients around origin, accelerating convergence.","Tanh is zero-centered with an output range from -1 to 1, preventing systematic directional bias in downstream gradient updates and leading to faster, more balanced convergence than Sigmoid.",10,Excellent
A161,Q017,Softmax is preferred for regression tasks while Sigmoid is for sorting.,Softmax is preferred for multi-class mutually exclusive classification because it normalizes unnormalized logits into a valid probability distribution where all class probabilities sum to 1.,1,Poor
A162,Q017,Softmax is only used when the dataset has images and Sigmoid is for text.,Softmax is preferred for multi-class mutually exclusive classification because it normalizes unnormalized logits into a valid probability distribution where all class probabilities sum to 1.,2,Poor
A163,Q017,Softmax is used for multiple classes and Sigmoid is for one class.,Softmax is preferred for multi-class mutually exclusive classification because it normalizes unnormalized logits into a valid probability distribution where all class probabilities sum to 1.,3,Weak
A164,Q017,"Softmax makes probabilities sum to 1 in multi-class problems, while Sigmoid does not.",Softmax is preferred for multi-class mutually exclusive classification because it normalizes unnormalized logits into a valid probability distribution where all class probabilities sum to 1.,4,Weak
A165,Q017,"Softmax is used for multi-class classification where classes are mutually exclusive, whereas Sigmoid is used for binary or multi-label classification.",Softmax is preferred for multi-class mutually exclusive classification because it normalizes unnormalized logits into a valid probability distribution where all class probabilities sum to 1.,5,Partial
A166,Q017,"When you have more than two mutually exclusive classes, Softmax normalizes logits so their sum equals 1. Sigmoid treats each output independently for multi-label tasks.",Softmax is preferred for multi-class mutually exclusive classification because it normalizes unnormalized logits into a valid probability distribution where all class probabilities sum to 1.,6,Partial
A167,Q017,"Softmax is preferred for multi-class single-label classification where classes are mutually exclusive, as it turns logits into a probability distribution summing to 1. Sigmoid is preferred for binary or multi-label classification.",Softmax is preferred for multi-class mutually exclusive classification because it normalizes unnormalized logits into a valid probability distribution where all class probabilities sum to 1.,7,Good
A168,Q017,"Softmax couples class logits together so the resulting probabilities sum to 1.0, making it ideal for mutually exclusive multi-class problems. Sigmoid evaluates each class independently and is used for multi-label classification.",Softmax is preferred for multi-class mutually exclusive classification because it normalizes unnormalized logits into a valid probability distribution where all class probabilities sum to 1.,8,Good
A169,Q017,"Softmax is preferred when dealing with multi-class classification where each sample belongs to exactly one class (mutually exclusive classes), because exp(z_i) / sum(exp(z_j)) enforces that all probabilities sum to 1. Sigmoid evaluates each output neuron independently, making it suited for binary classification or multi-label problems where multiple labels can co-exist.",Softmax is preferred for multi-class mutually exclusive classification because it normalizes unnormalized logits into a valid probability distribution where all class probabilities sum to 1.,9,Excellent
A170,Q017,"Softmax normalizes an arbitrary vector of real-valued logits into a valid categorical probability distribution where sum_i P(y=i|x) = 1, making it the canonical choice for multi-class classification with mutually exclusive target labels. Conversely, Sigmoid applies element-wise squashing without cross-channel normalization, which is appropriate for independent Bernoulli distributions in binary or multi-label classification tasks.",Softmax is preferred for multi-class mutually exclusive classification because it normalizes unnormalized logits into a valid probability distribution where all class probabilities sum to 1.,10,Excellent
A171,Q018,GELU stands for General Linear Unit and is used in linear regression.,"GELU weights inputs by their percentile in a standard Gaussian distribution, f(x) = x * Phi(x), providing a smooth non-linearity that avoids hard zeros, widely used in modern Transformer and BERT architectures.",1,Poor
A172,Q018,GELU is an image filter applied in ResNet models.,"GELU weights inputs by their percentile in a standard Gaussian distribution, f(x) = x * Phi(x), providing a smooth non-linearity that avoids hard zeros, widely used in modern Transformer and BERT architectures.",2,Poor
A173,Q018,GELU is an activation function used in transformers like BERT.,"GELU weights inputs by their percentile in a standard Gaussian distribution, f(x) = x * Phi(x), providing a smooth non-linearity that avoids hard zeros, widely used in modern Transformer and BERT architectures.",3,Weak
A174,Q018,GELU is like a smoother version of ReLU based on probability.,"GELU weights inputs by their percentile in a standard Gaussian distribution, f(x) = x * Phi(x), providing a smooth non-linearity that avoids hard zeros, widely used in modern Transformer and BERT architectures.",4,Weak
A175,Q018,"GELU is Gaussian Error Linear Unit, f(x) = x * Phi(x), commonly used in modern NLP models like BERT and GPT.","GELU weights inputs by their percentile in a standard Gaussian distribution, f(x) = x * Phi(x), providing a smooth non-linearity that avoids hard zeros, widely used in modern Transformer and BERT architectures.",5,Partial
A176,Q018,"It weights the input by its cumulative distribution under standard Gaussian, providing smooth non-linearity, and is widely used in Transformer architectures.","GELU weights inputs by their percentile in a standard Gaussian distribution, f(x) = x * Phi(x), providing a smooth non-linearity that avoids hard zeros, widely used in modern Transformer and BERT architectures.",6,Partial
A177,Q018,"GELU (Gaussian Error Linear Unit) scales inputs by the cumulative distribution function of a standard normal distribution, f(x) = x * P(X <= x). It is widely used in state-of-the-art Transformer models such as BERT and GPT.","GELU weights inputs by their percentile in a standard Gaussian distribution, f(x) = x * Phi(x), providing a smooth non-linearity that avoids hard zeros, widely used in modern Transformer and BERT architectures.",7,Good
A178,Q018,"GELU is formulated as x * Phi(x), where Phi is the Gaussian CDF. It provides a smooth, probabilistic non-linearity that avoids sharp non-differentiable elbows, making it the standard activation in architectures like BERT, RoBERTa, and ViT.","GELU weights inputs by their percentile in a standard Gaussian distribution, f(x) = x * Phi(x), providing a smooth non-linearity that avoids hard zeros, widely used in modern Transformer and BERT architectures.",8,Good
A179,Q018,"GELU stands for Gaussian Error Linear Unit, formulated as f(x) = x * Phi(x), where Phi(x) is the standard normal cumulative distribution function. Rather than deterministic thresholding like ReLU, it stochastically gates inputs based on how much greater they are than other inputs. It is prominently applied in Transformer models like BERT, GPT, and Vision Transformers.","GELU weights inputs by their percentile in a standard Gaussian distribution, f(x) = x * Phi(x), providing a smooth non-linearity that avoids hard zeros, widely used in modern Transformer and BERT architectures.",9,Excellent
A180,Q018,"GELU (Gaussian Error Linear Unit) is defined mathematically as f(x) = x * Phi(x) = x * 0.5 * (1 + erf(x / sqrt(2))). It bridges stochastic regularizers (like Dropout) with deterministic non-linear activations by weighting inputs by their probability under a Gaussian prior. Because it is smooth, non-monotonic, and retains small negative curvatures, it facilitates superior gradient propagation and is standard in modern Transformer architectures including BERT, GPT-2/3, and ViT.","GELU weights inputs by their percentile in a standard Gaussian distribution, f(x) = x * Phi(x), providing a smooth non-linearity that avoids hard zeros, widely used in modern Transformer and BERT architectures.",10,Excellent
A181,Q019,Swish is an audio processing function used in speech recognition.,"Swish is defined as f(x) = x * Sigmoid(beta * x). It is smooth, non-monotonic, and self-gated, allowing small negative values to flow through, which improves gradient propagation in very deep neural networks.",1,Poor
A182,Q019,Swish is a dropout technique introduced by Google.,"Swish is defined as f(x) = x * Sigmoid(beta * x). It is smooth, non-monotonic, and self-gated, allowing small negative values to flow through, which improves gradient propagation in very deep neural networks.",2,Poor
A183,Q019,"Swish is x multiplied by sigmoid, invented by Google to replace ReLU.","Swish is defined as f(x) = x * Sigmoid(beta * x). It is smooth, non-monotonic, and self-gated, allowing small negative values to flow through, which improves gradient propagation in very deep neural networks.",3,Weak
A184,Q019,"It is smooth and has small negative outputs, which helps deep networks train.","Swish is defined as f(x) = x * Sigmoid(beta * x). It is smooth, non-monotonic, and self-gated, allowing small negative values to flow through, which improves gradient propagation in very deep neural networks.",4,Weak
A185,Q019,"Swish is defined as f(x) = x * sigmoid(beta * x). It is smooth and non-monotonic, outperforming ReLU on deep networks.","Swish is defined as f(x) = x * Sigmoid(beta * x). It is smooth, non-monotonic, and self-gated, allowing small negative values to flow through, which improves gradient propagation in very deep neural networks.",5,Partial
A186,Q019,Formula is x * sigma(beta * x). Its smoothness and non-monotonicity help gradients flow better than standard ReLU in deep neural networks.,"Swish is defined as f(x) = x * Sigmoid(beta * x). It is smooth, non-monotonic, and self-gated, allowing small negative values to flow through, which improves gradient propagation in very deep neural networks.",6,Partial
A187,Q019,"Swish is defined as f(x) = x * Sigmoid(beta * x). Its key properties are smoothness, non-monotonicity, and self-gating, which prevent zero gradients for slightly negative inputs and enhance gradient flow in very deep networks.","Swish is defined as f(x) = x * Sigmoid(beta * x). It is smooth, non-monotonic, and self-gated, allowing small negative values to flow through, which improves gradient propagation in very deep neural networks.",7,Good
A188,Q019,"Discovered by Google via neural architecture search, Swish is f(x) = x * sigmoid(x). It is smooth everywhere, bounded below, unbounded above, and non-monotonic, providing better optimization landscapes than ReLU in deep architectures.","Swish is defined as f(x) = x * Sigmoid(beta * x). It is smooth, non-monotonic, and self-gated, allowing small negative values to flow through, which improves gradient propagation in very deep neural networks.",8,Good
A189,Q019,Swish is a self-gated activation function formulated as f(x) = x * sigma(beta * x). Its primary advantages over ReLU are its smoothness (differentiable everywhere) and non-monotonic nature (dips slightly below zero for small negative inputs). These properties improve gradient propagation and avoid hard dead zones in very deep networks.,"Swish is defined as f(x) = x * Sigmoid(beta * x). It is smooth, non-monotonic, and self-gated, allowing small negative values to flow through, which improves gradient propagation in very deep neural networks.",9,Excellent
A190,Q019,"Developed by Google researchers, Swish is defined as f(x) = x * sigma(beta * x). Unlike ReLU, which has a non-differentiable kink at zero and kills negative gradients completely, Swish is infinitely smooth and non-monotonic, allowing small negative gradients to flow through. Its self-gating design helps preserve subtle signals and prevents premature saturation in very deep networks like EfficientNet.","Swish is defined as f(x) = x * Sigmoid(beta * x). It is smooth, non-monotonic, and self-gated, allowing small negative values to flow through, which improves gradient propagation in very deep neural networks.",10,Excellent
A191,Q020,Sigmoid derivative is infinite so gradients explode to infinity.,"The maximum derivative of the Sigmoid function is only 0.25 at x=0. When multiplying multiple derivatives less than 0.25 across layers via the chain rule, backpropagated gradients shrink exponentially towards early layers.",1,Poor
A192,Q020,Sigmoid derivative is zero everywhere so backprop does not work.,"The maximum derivative of the Sigmoid function is only 0.25 at x=0. When multiplying multiple derivatives less than 0.25 across layers via the chain rule, backpropagated gradients shrink exponentially towards early layers.",2,Poor
A193,Q020,"The derivative of sigmoid is very small, so gradients shrink in deep layers.","The maximum derivative of the Sigmoid function is only 0.25 at x=0. When multiplying multiple derivatives less than 0.25 across layers via the chain rule, backpropagated gradients shrink exponentially towards early layers.",3,Weak
A194,Q020,"Sigmoid derivative maximum is 0.5, so multiplying it makes gradients small.","The maximum derivative of the Sigmoid function is only 0.25 at x=0. When multiplying multiple derivatives less than 0.25 across layers via the chain rule, backpropagated gradients shrink exponentially towards early layers.",4,Weak
A195,Q020,"The maximum value of the sigmoid derivative is 0.25 at x=0. When multiplied across many layers, gradients vanish towards zero.","The maximum derivative of the Sigmoid function is only 0.25 at x=0. When multiplying multiple derivatives less than 0.25 across layers via the chain rule, backpropagated gradients shrink exponentially towards early layers.",5,Partial
A196,Q020,"Sigmoid's derivative is sigma(x)(1 - sigma(x)), which tops out at 0.25. By the chain rule, repeated multiplication of values <= 0.25 causes gradients to diminish exponentially.","The maximum derivative of the Sigmoid function is only 0.25 at x=0. When multiplying multiple derivatives less than 0.25 across layers via the chain rule, backpropagated gradients shrink exponentially towards early layers.",6,Partial
A197,Q020,"The derivative of Sigmoid is f'(x) = f(x)(1 - f(x)), which has a maximum value of 0.25 at x = 0. When backpropagating through n layers, multiplying numbers <= 0.25 leads to exponential decay of gradients towards earlier layers.","The maximum derivative of the Sigmoid function is only 0.25 at x=0. When multiplying multiple derivatives less than 0.25 across layers via the chain rule, backpropagated gradients shrink exponentially towards early layers.",7,Good
A198,Q020,"Because sigma'(x) is bounded between 0 and 0.25, the chain rule multiplies these terms across L layers. Since each term is <= 1/4, the gradient decays by at least (1/4)^L, causing early layers to receive negligible weight updates.","The maximum derivative of the Sigmoid function is only 0.25 at x=0. When multiplying multiple derivatives less than 0.25 across layers via the chain rule, backpropagated gradients shrink exponentially towards early layers.",8,Good
A199,Q020,"Mathematically, the derivative of Sigmoid is dsigma/dx = sigma(x)(1 - sigma(x)). The peak value occurs at x=0 where it equals 0.5 * 0.5 = 0.25. In deep networks, the chain rule requires multiplying these derivatives across successive layers. Multiplying terms bounded by 0.25 causes the product to decay exponentially toward zero, depriving early layers of training signal.","The maximum derivative of the Sigmoid function is only 0.25 at x=0. When multiplying multiple derivatives less than 0.25 across layers via the chain rule, backpropagated gradients shrink exponentially towards early layers.",9,Excellent
A200,Q020,"The derivative of the standard logistic sigmoid is sigma'(x) = sigma(x)(1 - sigma(x)), which is strictly bounded in (0, 0.25], peaking at x=0. In an L-layer network, computing dL/dw_1 via backpropagation involves an expansion containing the product prod_{l=1}^L sigma'(z_l) W_l. If weights are around 1 or smaller, multiplying factors <= 0.25 causes gradients to scale as O(0.25^L), vanishing exponentially and halting parameter updates in early hidden layers.","The maximum derivative of the Sigmoid function is only 0.25 at x=0. When multiplying multiple derivatives less than 0.25 across layers via the chain rule, backpropagated gradients shrink exponentially towards early layers.",10,Excellent
A201,Q021,Backpropagation is passing data forward through the model to get predictions.,"Backpropagation is an algorithm that computes the gradient of the loss function with respect to each network parameter using the calculus chain rule, enabling gradient-based optimization.",1,Poor
A202,Q021,It is an unsupervised clustering algorithm like K-Means.,"Backpropagation is an algorithm that computes the gradient of the loss function with respect to each network parameter using the calculus chain rule, enabling gradient-based optimization.",2,Poor
A203,Q021,It is moving backward in the network to fix mistakes.,"Backpropagation is an algorithm that computes the gradient of the loss function with respect to each network parameter using the calculus chain rule, enabling gradient-based optimization.",3,Weak
A204,Q021,Backpropagation calculates loss and updates weights using backward loop.,"Backpropagation is an algorithm that computes the gradient of the loss function with respect to each network parameter using the calculus chain rule, enabling gradient-based optimization.",4,Weak
A205,Q021,Backpropagation calculates the gradient of the loss with respect to all weights using the chain rule.,"Backpropagation is an algorithm that computes the gradient of the loss function with respect to each network parameter using the calculus chain rule, enabling gradient-based optimization.",5,Partial
A206,Q021,It is an algorithm for computing gradients in a neural network by propagating errors backward from the output layer to the input layer using calculus chain rule.,"Backpropagation is an algorithm that computes the gradient of the loss function with respect to each network parameter using the calculus chain rule, enabling gradient-based optimization.",6,Partial
A207,Q021,"Backpropagation is an efficient algorithm that computes the gradient of the loss function with respect to each weight in a neural network by applying the calculus chain rule in reverse, enabling gradient descent optimization.","Backpropagation is an algorithm that computes the gradient of the loss function with respect to each network parameter using the calculus chain rule, enabling gradient-based optimization.",7,Good
A208,Q021,It is the fundamental learning algorithm for neural networks that calculates partial derivatives of the error with respect to each parameter by propagating the output error backwards through the layers.,"Backpropagation is an algorithm that computes the gradient of the loss function with respect to each network parameter using the calculus chain rule, enabling gradient-based optimization.",8,Good
A209,Q021,"Backpropagation is an algorithm designed to efficiently compute the gradient of the objective loss function with respect to every weight and bias in a multi-layer neural network. It applies the chain rule backward from the output layer to the input layer, allowing optimizers like SGD or Adam to update parameters.","Backpropagation is an algorithm that computes the gradient of the loss function with respect to each network parameter using the calculus chain rule, enabling gradient-based optimization.",9,Excellent
A210,Q021,"Backpropagation is the application of reverse-mode automatic differentiation to neural networks. Given a forward pass computing activations and a scalar loss L, backpropagation performs a backward pass that calculates local partial derivatives using the chain rule (dL/dw = dL/da * da/dz * dz/dw) and systematically accumulates parameter gradients in O(W) computational complexity.","Backpropagation is an algorithm that computes the gradient of the loss function with respect to each network parameter using the calculus chain rule, enabling gradient-based optimization.",10,Excellent
A211,Q022,Chain rule is used to connect multiple computers in a cluster for distributed training.,The chain rule enables computation of the derivative of composite functions by multiplying local partial derivatives from the output loss backwards through hidden layers down to the initial weights.,1,Poor
A212,Q022,Chain rule is used to multiply matrices without using numpy.,The chain rule enables computation of the derivative of composite functions by multiplying local partial derivatives from the output loss backwards through hidden layers down to the initial weights.,2,Poor
A213,Q022,It helps calculate derivatives when functions are inside other functions.,The chain rule enables computation of the derivative of composite functions by multiplying local partial derivatives from the output loss backwards through hidden layers down to the initial weights.,3,Weak
A214,Q022,Chain rule allows us to differentiate nested layers by multiplying their derivatives.,The chain rule enables computation of the derivative of composite functions by multiplying local partial derivatives from the output loss backwards through hidden layers down to the initial weights.,4,Weak
A215,Q022,Chain rule enables computing the gradient of the final loss with respect to early weights by multiplying intermediate partial derivatives.,The chain rule enables computation of the derivative of composite functions by multiplying local partial derivatives from the output loss backwards through hidden layers down to the initial weights.,5,Partial
A216,Q022,"Because deep neural networks are composite functions of many layers, the chain rule is used to break down the total derivative into products of local layer derivatives.",The chain rule enables computation of the derivative of composite functions by multiplying local partial derivatives from the output loss backwards through hidden layers down to the initial weights.,6,Partial
A217,Q022,"The chain rule allows the computation of derivatives of composite functions. In neural networks, it enables backpropagating the loss through intermediate layer activations by multiplying local derivatives step by step.",The chain rule enables computation of the derivative of composite functions by multiplying local partial derivatives from the output loss backwards through hidden layers down to the initial weights.,7,Good
A218,Q022,"Since a neural network is a nested composite function y = f_L(...f_1(x)), the chain rule allows us to calculate dL/dw_i by multiplying the partial derivative of each layer with respect to its inputs all the way back to weight w_i.",The chain rule enables computation of the derivative of composite functions by multiplying local partial derivatives from the output loss backwards through hidden layers down to the initial weights.,8,Good
A219,Q022,"The chain rule is the mathematical foundation of backpropagation. A deep network is a composite function L(a_L(z_L(...(a_1(z_1)))))). The chain rule allows computing dL/dw_l by decomposing it into the product of local derivatives: (dL/dz_l) * (dz_l/dw_l), enabling systematic layer-by-layer gradient propagation.",The chain rule enables computation of the derivative of composite functions by multiplying local partial derivatives from the output loss backwards through hidden layers down to the initial weights.,9,Excellent
A220,Q022,"The chain rule governs differentiation of composite functions: (f o g)'(x) = f'(g(x)) * g'(x). In a deep neural network where each layer is a nested mapping, computing the gradient of the scalar loss with respect to early parameters requires multiplying the Jacobian matrices of intermediate transformations. The chain rule ensures that local error signals (deltas) can be computed recursively from output to input.",The chain rule enables computation of the derivative of composite functions by multiplying local partial derivatives from the output loss backwards through hidden layers down to the initial weights.,10,Excellent
A221,Q023,Loss function is for regression and evaluation metric is for classification.,"A loss function is a differentiable mathematical objective minimized directly by optimization algorithms during training, whereas an evaluation metric is a performance indicator (like accuracy) that need not be differentiable.",1,Poor
A222,Q023,Loss function evaluates the test set and metric trains the training set.,"A loss function is a differentiable mathematical objective minimized directly by optimization algorithms during training, whereas an evaluation metric is a performance indicator (like accuracy) that need not be differentiable.",2,Poor
A223,Q023,Loss is for the model to learn and metric is for humans to see.,"A loss function is a differentiable mathematical objective minimized directly by optimization algorithms during training, whereas an evaluation metric is a performance indicator (like accuracy) that need not be differentiable.",3,Weak
A224,Q023,Loss must decrease and metric like accuracy must increase.,"A loss function is a differentiable mathematical objective minimized directly by optimization algorithms during training, whereas an evaluation metric is a performance indicator (like accuracy) that need not be differentiable.",4,Weak
A225,Q023,"A loss function must be differentiable because the optimizer uses it, while an evaluation metric doesn't need to be differentiable.","A loss function is a differentiable mathematical objective minimized directly by optimization algorithms during training, whereas an evaluation metric is a performance indicator (like accuracy) that need not be differentiable.",5,Partial
A226,Q023,"Loss functions like cross-entropy guide gradient updates during training, whereas evaluation metrics like accuracy or F1 measure business performance and are not directly optimized.","A loss function is a differentiable mathematical objective minimized directly by optimization algorithms during training, whereas an evaluation metric is a performance indicator (like accuracy) that need not be differentiable.",6,Partial
A227,Q023,A loss function is a differentiable mathematical objective minimized by gradient descent during training. An evaluation metric (such as accuracy or F1-score) is an interpretable measure used to assess model performance and does not need to be differentiable.,"A loss function is a differentiable mathematical objective minimized directly by optimization algorithms during training, whereas an evaluation metric is a performance indicator (like accuracy) that need not be differentiable.",7,Good
A228,Q023,"The key difference is differentiability and purpose: loss functions (e.g., MSE, Cross-Entropy) must be continuous and differentiable for backpropagation to calculate gradients. Evaluation metrics (e.g., Accuracy, ROC-AUC) quantify practical success for human interpretation and may be non-differentiable.","A loss function is a differentiable mathematical objective minimized directly by optimization algorithms during training, whereas an evaluation metric is a performance indicator (like accuracy) that need not be differentiable.",8,Good
A229,Q023,"A loss function is a differentiable mathematical surrogate optimized directly by gradient descent during backpropagation to guide parameter updates (e.g., Binary Cross-Entropy). An evaluation metric is a performance indicator chosen for business or task relevance (e.g., Accuracy, F1-Score, BLEU) that often contains step functions or non-differentiable components unsuitable for direct gradient optimization.","A loss function is a differentiable mathematical objective minimized directly by optimization algorithms during training, whereas an evaluation metric is a performance indicator (like accuracy) that need not be differentiable.",9,Excellent
A230,Q023,"A loss function serves as the objective function in mathematical optimization; it must be differentiable almost everywhere so that gradients can be computed via backprop to update weights. An evaluation metric is a human-interpretable performance index used to evaluate model quality on validation or test sets. For example, classification accuracy is a non-differentiable step function that cannot provide gradients for gradient descent, so smooth surrogates like Cross-Entropy loss are optimized instead.","A loss function is a differentiable mathematical objective minimized directly by optimization algorithms during training, whereas an evaluation metric is a performance indicator (like accuracy) that need not be differentiable.",10,Excellent
A231,Q024,SGD uses CPU and Mini-batch uses GPU exclusively.,"Stochastic Gradient Descent calculates gradients and updates parameters using one sample at a time with high variance, whereas Mini-batch Gradient Descent updates parameters over a small batch of samples for computational efficiency and smoother convergence.",1,Poor
A232,Q024,SGD trains without learning rate and Mini-batch trains with learning rate.,"Stochastic Gradient Descent calculates gradients and updates parameters using one sample at a time with high variance, whereas Mini-batch Gradient Descent updates parameters over a small batch of samples for computational efficiency and smoother convergence.",2,Poor
A233,Q024,SGD uses one sample per update and Mini-batch uses a group of samples.,"Stochastic Gradient Descent calculates gradients and updates parameters using one sample at a time with high variance, whereas Mini-batch Gradient Descent updates parameters over a small batch of samples for computational efficiency and smoother convergence.",3,Weak
A234,Q024,Mini-batch is faster because it takes batches instead of all data at once.,"Stochastic Gradient Descent calculates gradients and updates parameters using one sample at a time with high variance, whereas Mini-batch Gradient Descent updates parameters over a small batch of samples for computational efficiency and smoother convergence.",4,Weak
A235,Q024,"SGD updates weights after each single training sample, causing noisy updates. Mini-batch updates after processing a small batch like 32 or 64 samples.","Stochastic Gradient Descent calculates gradients and updates parameters using one sample at a time with high variance, whereas Mini-batch Gradient Descent updates parameters over a small batch of samples for computational efficiency and smoother convergence.",5,Partial
A236,Q024,"In pure SGD, batch size is 1, causing high variance in gradients. In mini-batch gradient descent, batch size is typically 32 to 256, providing a balance of stability and speed.","Stochastic Gradient Descent calculates gradients and updates parameters using one sample at a time with high variance, whereas Mini-batch Gradient Descent updates parameters over a small batch of samples for computational efficiency and smoother convergence.",6,Partial
A237,Q024,"Stochastic Gradient Descent updates weights after evaluating a single training example, leading to noisy and fluctuating gradient steps. Mini-batch Gradient Descent computes gradients over a small batch of examples (e.g., 32-128), combining vectorization speed with smoother convergence.","Stochastic Gradient Descent calculates gradients and updates parameters using one sample at a time with high variance, whereas Mini-batch Gradient Descent updates parameters over a small batch of samples for computational efficiency and smoother convergence.",7,Good
A238,Q024,"Pure SGD calculates gradients on one sample at a time (batch size = 1), causing high variance and noisy trajectories. Mini-batch GD computes gradients over small batches, utilizing GPU parallelization and reducing gradient variance while still escaping shallow local minima.","Stochastic Gradient Descent calculates gradients and updates parameters using one sample at a time with high variance, whereas Mini-batch Gradient Descent updates parameters over a small batch of samples for computational efficiency and smoother convergence.",8,Good
A239,Q024,"In pure SGD, weights are updated after every individual sample (batch size = 1), which creates highly noisy gradient trajectories that can help escape local minima but hinder stable convergence and underutilize matrix hardware. Mini-batch Gradient Descent evaluates a moderate batch (e.g., 32 to 512 samples), providing a stable gradient estimate, vectorized hardware efficiency, and smoother optimization.","Stochastic Gradient Descent calculates gradients and updates parameters using one sample at a time with high variance, whereas Mini-batch Gradient Descent updates parameters over a small batch of samples for computational efficiency and smoother convergence.",9,Excellent
A240,Q024,"Pure SGD approximates the true dataset gradient with a single sample g_i = grad L_i(w). While computationally cheap per step and possessing high stochastic noise that assists in escaping saddle points, its gradient variance is high and it cannot leverage SIMD/GPU tensor cores efficiently. Mini-batch Gradient Descent computes g_B = (1/|B|) sum_{i in B} grad L_i(w) over mini-batches of size B, balancing stochastic exploration with reduced variance and optimal matrix hardware utilization.","Stochastic Gradient Descent calculates gradients and updates parameters using one sample at a time with high variance, whereas Mini-batch Gradient Descent updates parameters over a small batch of samples for computational efficiency and smoother convergence.",10,Excellent
A241,Q025,Exploding gradients happen when the computer runs too fast and overheats.,"Exploding gradients occur when large derivative magnitudes cause gradients to grow exponentially through deep layers, causing unstable weight updates. They are mitigated using gradient clipping, proper weight initialization, and smaller learning rates.",1,Poor
A242,Q025,It happens when learning rate is set to zero.,"Exploding gradients occur when large derivative magnitudes cause gradients to grow exponentially through deep layers, causing unstable weight updates. They are mitigated using gradient clipping, proper weight initialization, and smaller learning rates.",2,Poor
A243,Q025,Gradients become too large and weights become NaN or infinity.,"Exploding gradients occur when large derivative magnitudes cause gradients to grow exponentially through deep layers, causing unstable weight updates. They are mitigated using gradient clipping, proper weight initialization, and smaller learning rates.",3,Weak
A244,Q025,"Large weights multiplied together cause exploding gradients, fixed by clipping.","Exploding gradients occur when large derivative magnitudes cause gradients to grow exponentially through deep layers, causing unstable weight updates. They are mitigated using gradient clipping, proper weight initialization, and smaller learning rates.",4,Weak
A245,Q025,"Exploding gradients happen when derivatives grow exponentially through deep layers, and they can be mitigated using gradient clipping.","Exploding gradients occur when large derivative magnitudes cause gradients to grow exponentially through deep layers, causing unstable weight updates. They are mitigated using gradient clipping, proper weight initialization, and smaller learning rates.",5,Partial
A246,Q025,"It is caused by large weight values being multiplied repeatedly across layers in deep networks or RNNs, leading to overflow. Solutions include gradient clipping and weight regularization.","Exploding gradients occur when large derivative magnitudes cause gradients to grow exponentially through deep layers, causing unstable weight updates. They are mitigated using gradient clipping, proper weight initialization, and smaller learning rates.",6,Partial
A247,Q025,"Exploding gradients occur when large weight matrices cause backpropagated gradients to grow exponentially with layer depth, leading to NaN weights and divergence. It can be mitigated by gradient clipping, proper weight initialization, and smaller learning rates.","Exploding gradients occur when large derivative magnitudes cause gradients to grow exponentially through deep layers, causing unstable weight updates. They are mitigated using gradient clipping, proper weight initialization, and smaller learning rates.",7,Good
A248,Q025,"The problem arises when the spectral norm of weight matrices exceeds 1, causing gradients to scale exponentially during backprop. Mitigations include gradient norm clipping, He/Xavier initialization, batch normalization, and reducing the learning rate.","Exploding gradients occur when large derivative magnitudes cause gradients to grow exponentially through deep layers, causing unstable weight updates. They are mitigated using gradient clipping, proper weight initialization, and smaller learning rates.",8,Good
A249,Q025,"Exploding gradients occur when large derivative magnitudes and weights accumulate multiplicatively through many layers (especially in unrolled RNNs), causing gradient magnitudes to blow up to infinity or NaN. Common mitigation strategies include gradient clipping (by value or norm), Xavier/He weight initialization, batch normalization, and architectures like LSTMs or ResNets.","Exploding gradients occur when large derivative magnitudes cause gradients to grow exponentially through deep layers, causing unstable weight updates. They are mitigated using gradient clipping, proper weight initialization, and smaller learning rates.",9,Excellent
A250,Q025,"Mathematically, backpropagating through L layers involves terms like prod_{l=1}^L W_l. If the dominant eigenvalues of weight matrices exceed 1, gradients grow exponentially as O(lambda^L), causing arithmetic overflow, NaN parameters, and catastrophic optimization collapse. Key mitigations include gradient clipping (capping gradient norm at a threshold c via g <- g * min(1, c/||g||)), proper variance-preserving weight initialization, batch normalization, and skip/residual architectures.","Exploding gradients occur when large derivative magnitudes cause gradients to grow exponentially through deep layers, causing unstable weight updates. They are mitigated using gradient clipping, proper weight initialization, and smaller learning rates.",10,Excellent
A251,Q026,Momentum optimizer increases the clock speed of the processor.,"Momentum incorporates an exponentially decaying moving average of past gradients into the current update step, which accelerates updates along consistent gradient directions and dampens oscillations across ravines.",1,Poor
A252,Q026,It stops training as soon as momentum reaches 100.,"Momentum incorporates an exponentially decaying moving average of past gradients into the current update step, which accelerates updates along consistent gradient directions and dampens oscillations across ravines.",2,Poor
A253,Q026,Momentum adds speed from previous steps so the model doesn't get stuck.,"Momentum incorporates an exponentially decaying moving average of past gradients into the current update step, which accelerates updates along consistent gradient directions and dampens oscillations across ravines.",3,Weak
A254,Q026,It keeps a history of past gradients to move faster down slopes.,"Momentum incorporates an exponentially decaying moving average of past gradients into the current update step, which accelerates updates along consistent gradient directions and dampens oscillations across ravines.",4,Weak
A255,Q026,"Momentum adds a fraction of the previous velocity to the current gradient update, which smooths oscillations.","Momentum incorporates an exponentially decaying moving average of past gradients into the current update step, which accelerates updates along consistent gradient directions and dampens oscillations across ravines.",5,Partial
A256,Q026,"It introduces an exponential moving average of past gradients into the weight update, helping accelerate in consistent directions and dampening zig-zag motion in narrow ravines.","Momentum incorporates an exponentially decaying moving average of past gradients into the current update step, which accelerates updates along consistent gradient directions and dampens oscillations across ravines.",6,Partial
A257,Q026,Momentum improves standard gradient descent by accumulating an exponentially decaying moving average of past gradients (velocity). This accelerates updates along directions with consistent gradients and dampens oscillations in steep ravines.,"Momentum incorporates an exponentially decaying moving average of past gradients into the current update step, which accelerates updates along consistent gradient directions and dampens oscillations across ravines.",7,Good
A258,Q026,"Standard SGD struggles with ravines where the surface curves steeply in one dimension. Momentum updates weights using a velocity term v = beta * v + alpha * grad, which carries momentum from prior steps, reducing oscillatory behavior and accelerating descent.","Momentum incorporates an exponentially decaying moving average of past gradients into the current update step, which accelerates updates along consistent gradient directions and dampens oscillations across ravines.",8,Good
A259,Q026,"Momentum mimics physical inertia by maintaining a velocity vector v_t = gamma * v_{t-1} + eta * grad_t, then updating w_t = w_{t-1} - v_t. By adding a fraction of the previous update, it reinforces movement in persistent directions while canceling out high-frequency oscillations across ravines, leading to significantly faster and more stable convergence.","Momentum incorporates an exponentially decaying moving average of past gradients into the current update step, which accelerates updates along consistent gradient directions and dampens oscillations across ravines.",9,Excellent
A260,Q026,"In standard gradient descent, pathological curvature (where gradient directions oscillate rapidly across steep ravine walls while progressing slowly along the valley floor) severely retards progress. The Momentum optimizer introduces a velocity variable v_t = beta * v_{t-1} + (1 - beta) * grad_t. Across oscillating dimensions, opposing gradients cancel out, whereas along consistent dimensions, gradients accumulate constructively, accelerating descent along the valley floor.","Momentum incorporates an exponentially decaying moving average of past gradients into the current update step, which accelerates updates along consistent gradient directions and dampens oscillations across ravines.",10,Excellent
A261,Q027,Adam is a genetic algorithm that mutates weights randomly.,"Adam computes adaptive learning rates for each parameter by combining Momentum (first moment of gradients) and RMSProp (second moment of squared gradients), applying bias corrections to account for initialization at the origin.",1,Poor
A262,Q027,Adam simply averages all training labels before running SGD.,"Adam computes adaptive learning rates for each parameter by combining Momentum (first moment of gradients) and RMSProp (second moment of squared gradients), applying bias corrections to account for initialization at the origin.",2,Poor
A263,Q027,Adam adjusts learning rate automatically for every weight.,"Adam computes adaptive learning rates for each parameter by combining Momentum (first moment of gradients) and RMSProp (second moment of squared gradients), applying bias corrections to account for initialization at the origin.",3,Weak
A264,Q027,Adam combines momentum with RMSProp to make training faster and adaptive.,"Adam computes adaptive learning rates for each parameter by combining Momentum (first moment of gradients) and RMSProp (second moment of squared gradients), applying bias corrections to account for initialization at the origin.",4,Weak
A265,Q027,Adam calculates the first moment (mean) and second moment (uncentered variance) of gradients to adapt the learning rate for each parameter.,"Adam computes adaptive learning rates for each parameter by combining Momentum (first moment of gradients) and RMSProp (second moment of squared gradients), applying bias corrections to account for initialization at the origin.",5,Partial
A266,Q027,"The key mechanism is maintaining running averages of both past gradients and squared gradients with bias correction, giving an adaptive learning rate per parameter.","Adam computes adaptive learning rates for each parameter by combining Momentum (first moment of gradients) and RMSProp (second moment of squared gradients), applying bias corrections to account for initialization at the origin.",6,Partial
A267,Q027,"Adam (Adaptive Moment Estimation) combines the benefits of Momentum and RMSProp by tracking both the exponentially decaying average of past gradients (first moment) and squared gradients (second moment), incorporating bias corrections for initial steps.","Adam computes adaptive learning rates for each parameter by combining Momentum (first moment of gradients) and RMSProp (second moment of squared gradients), applying bias corrections to account for initialization at the origin.",7,Good
A268,Q027,"Adam computes individual adaptive learning rates for each parameter by dividing the first moment estimate (mean gradient from Momentum) by the square root of the second moment estimate (uncentered variance from RMSProp), with bias corrections to prevent bias toward zero.","Adam computes adaptive learning rates for each parameter by combining Momentum (first moment of gradients) and RMSProp (second moment of squared gradients), applying bias corrections to account for initialization at the origin.",8,Good
A269,Q027,"Adam combines Momentum and RMSProp by maintaining two running exponentially moving averages: m_t for past gradients (first raw moment) and v_t for squared gradients (second uncentered moment). It applies bias correction terms (m_t / (1 - beta1^t) and v_t / (1 - beta2^t)) to adjust for zero initialization, then scales individual parameter updates inversely with sqrt(v_t).","Adam computes adaptive learning rates for each parameter by combining Momentum (first moment of gradients) and RMSProp (second moment of squared gradients), applying bias corrections to account for initialization at the origin.",9,Excellent
A270,Q027,"Adam computes exponentially decaying averages of past gradients m_t = beta_1 m_{t-1} + (1 - beta_1) g_t (estimating the mean) and squared gradients v_t = beta_2 v_{t-1} + (1 - beta_2) g_t^2 (estimating uncentered variance). Because m_0 and v_0 are initialized to zero, Adam applies analytical bias corrections: m_hat = m_t / (1 - beta_1^t) and v_hat = v_t / (1 - beta_2^t). The parameter update theta = theta - (alpha / (sqrt(v_hat) + eps)) * m_hat scales steps adaptively per-coordinate, making it robust across diverse gradient magnitudes.","Adam computes adaptive learning rates for each parameter by combining Momentum (first moment of gradients) and RMSProp (second moment of squared gradients), applying bias corrections to account for initialization at the origin.",10,Excellent
A271,Q028,Computational graph is a bar chart showing loss curves in TensorBoard.,"A computational graph represents mathematical operations as nodes and tensors as edges. Frameworks use reverse-mode automatic differentiation, executing a forward pass to compute values and a backward pass that accumulates adjoints via the chain rule.",1,Poor
A272,Q028,It is a network diagram that displays the IP addresses of servers.,"A computational graph represents mathematical operations as nodes and tensors as edges. Frameworks use reverse-mode automatic differentiation, executing a forward pass to compute values and a backward pass that accumulates adjoints via the chain rule.",2,Poor
A273,Q028,A graph where math operations are drawn as nodes and tensors are edges.,"A computational graph represents mathematical operations as nodes and tensors as edges. Frameworks use reverse-mode automatic differentiation, executing a forward pass to compute values and a backward pass that accumulates adjoints via the chain rule.",3,Weak
A274,Q028,It tracks operations so that frameworks can calculate gradients automatically during backward pass.,"A computational graph represents mathematical operations as nodes and tensors as edges. Frameworks use reverse-mode automatic differentiation, executing a forward pass to compute values and a backward pass that accumulates adjoints via the chain rule.",4,Weak
A275,Q028,A computational graph represents mathematical operations as nodes and data as edges. Automatic differentiation traces this graph in reverse to compute exact gradients.,"A computational graph represents mathematical operations as nodes and tensors as edges. Frameworks use reverse-mode automatic differentiation, executing a forward pass to compute values and a backward pass that accumulates adjoints via the chain rule.",5,Partial
A276,Q028,"In frameworks like TensorFlow, operations form a directed acyclic graph. Automatic differentiation uses reverse-mode autodiff to apply the chain rule backwards through graph nodes.","A computational graph represents mathematical operations as nodes and tensors as edges. Frameworks use reverse-mode automatic differentiation, executing a forward pass to compute values and a backward pass that accumulates adjoints via the chain rule.",6,Partial
A277,Q028,"A computational graph is a directed acyclic graph where nodes represent mathematical operations and edges represent tensors. Frameworks use reverse-mode automatic differentiation, recording operations during forward pass and executing backward traversal to calculate exact gradients.","A computational graph represents mathematical operations as nodes and tensors as edges. Frameworks use reverse-mode automatic differentiation, executing a forward pass to compute values and a backward pass that accumulates adjoints via the chain rule.",7,Good
A278,Q028,The computational graph represents execution flow where nodes are operations and edges are data tensors. Automatic differentiation applies symbolic differentiation rules locally at each node and accumulates numerical gradients via reverse-mode traversal along the graph.,"A computational graph represents mathematical operations as nodes and tensors as edges. Frameworks use reverse-mode automatic differentiation, executing a forward pass to compute values and a backward pass that accumulates adjoints via the chain rule.",8,Good
A279,Q028,"A computational graph is a directed acyclic graph (DAG) representing the sequence of mathematical transformations between inputs and outputs. Automatic differentiation is implemented via tape-based reverse accumulation: during the forward pass, operations and intermediate tensors are recorded; during the backward pass, frameworks traverse the graph in topological reverse order, multiplying local adjoints via the chain rule.","A computational graph represents mathematical operations as nodes and tensors as edges. Frameworks use reverse-mode automatic differentiation, executing a forward pass to compute values and a backward pass that accumulates adjoints via the chain rule.",9,Excellent
A280,Q028,"A computational graph is a DAG where vertices represent primitive mathematical operators (+, *, matmul, activations) and directed edges denote tensor flows. Deep learning frameworks employ reverse-mode automatic differentiation (autograd / GradientTape). During the forward pass, intermediate activations are cached on a dynamic execution tape; on invoking backward(), the engine traverses the graph in reverse topological order, calling registered vector-Jacobian products (VJPs) to accumulate exact gradients with machine precision.","A computational graph represents mathematical operations as nodes and tensors as edges. Frameworks use reverse-mode automatic differentiation, executing a forward pass to compute values and a backward pass that accumulates adjoints via the chain rule.",10,Excellent
A281,Q029,Because saddle points have negative loss values that confuse the model.,"In high dimensions, critical points are mostly saddle points rather than local minima. Saddle points exhibit plateaus where gradients are near zero in multiple directions, causing first-order optimization algorithms to stall for prolonged periods.",1,Poor
A282,Q029,Because saddle points only exist on horse racing datasets.,"In high dimensions, critical points are mostly saddle points rather than local minima. Saddle points exhibit plateaus where gradients are near zero in multiple directions, causing first-order optimization algorithms to stall for prolonged periods.",2,Poor
A283,Q029,"In high dimensions, local minima don't happen often, but saddle points happen a lot.","In high dimensions, critical points are mostly saddle points rather than local minima. Saddle points exhibit plateaus where gradients are near zero in multiple directions, causing first-order optimization algorithms to stall for prolonged periods.",3,Weak
A284,Q029,"Saddle points have zero gradients where the surface is flat, making gradient descent stop.","In high dimensions, critical points are mostly saddle points rather than local minima. Saddle points exhibit plateaus where gradients are near zero in multiple directions, causing first-order optimization algorithms to stall for prolonged periods.",4,Weak
A285,Q029,"Saddle points have zero gradients in some directions and positive/negative curvature in others, creating flat plateaus where gradient descent moves very slowly.","In high dimensions, critical points are mostly saddle points rather than local minima. Saddle points exhibit plateaus where gradients are near zero in multiple directions, causing first-order optimization algorithms to stall for prolonged periods.",5,Partial
A286,Q029,"In high-dimensional spaces, true local minima require all eigenvalues of the Hessian to be positive, which is statistically rare; saddle points with mixed eigenvalues dominate and cause optimization to stall.","In high dimensions, critical points are mostly saddle points rather than local minima. Saddle points exhibit plateaus where gradients are near zero in multiple directions, causing first-order optimization algorithms to stall for prolonged periods.",6,Partial
A287,Q029,"In high-dimensional loss landscapes, true local minima are rare because all eigenvalues of the Hessian must be positive. Saddle points, where the Hessian has both positive and negative eigenvalues, are vastly more common and create flat plateaus with near-zero gradients that stall optimization.","In high dimensions, critical points are mostly saddle points rather than local minima. Saddle points exhibit plateaus where gradients are near zero in multiple directions, causing first-order optimization algorithms to stall for prolonged periods.",7,Good
A288,Q029,"At a saddle point, the gradient is zero and the Hessian matrix has both positive and negative eigenvalues. Because high dimensions create vast flat regions where gradients approach zero, gradient descent can become trapped on slow plateaus for thousands of iterations.","In high dimensions, critical points are mostly saddle points rather than local minima. Saddle points exhibit plateaus where gradients are near zero in multiple directions, causing first-order optimization algorithms to stall for prolonged periods.",8,Good
A289,Q029,"In high-dimensional non-convex loss surfaces, the probability of encountering a local minimum (where all Hessian eigenvalues are positive) is exponentially small (approx. 2^(-D)). Instead, critical points are almost exclusively saddle points with indefinite Hessians. These points are surrounded by extensive plateau regions with vanishingly small gradients, causing first-order gradient descent to decelerate dramatically.","In high dimensions, critical points are mostly saddle points rather than local minima. Saddle points exhibit plateaus where gradients are near zero in multiple directions, causing first-order optimization algorithms to stall for prolonged periods.",9,Excellent
A290,Q029,"For high-dimensional non-convex functions (D >> 1), random matrix theory shows that critical points with zero gradient almost always have mixed Hessian eigenvalues, making them saddle points rather than local minima. Because the gradient norm ||grad L|| is near zero across the plateau surrounding a saddle point, standard gradient descent experiences severe slowdowns, requiring escape mechanisms such as noisy stochastic gradients or second-order curvature information.","In high dimensions, critical points are mostly saddle points rather than local minima. Saddle points exhibit plateaus where gradients are near zero in multiple directions, causing first-order optimization algorithms to stall for prolonged periods.",10,Excellent
A291,Q030,Because reverse-mode runs in reverse order and saves battery life.,"Forward-mode scales computational cost with the number of input parameters, whereas reverse-mode scales with the number of outputs. Because neural networks typically have millions of parameters but a single scalar loss, reverse-mode computes all gradients in a single backward pass.",1,Poor
A292,Q030,Forward-mode only works with integer numbers and fails with decimals.,"Forward-mode scales computational cost with the number of input parameters, whereas reverse-mode scales with the number of outputs. Because neural networks typically have millions of parameters but a single scalar loss, reverse-mode computes all gradients in a single backward pass.",2,Poor
A293,Q030,Because neural networks train from output back to input.,"Forward-mode scales computational cost with the number of input parameters, whereas reverse-mode scales with the number of outputs. Because neural networks typically have millions of parameters but a single scalar loss, reverse-mode computes all gradients in a single backward pass.",3,Weak
A294,Q030,Reverse mode is faster because it calculates all parameter derivatives in one pass.,"Forward-mode scales computational cost with the number of input parameters, whereas reverse-mode scales with the number of outputs. Because neural networks typically have millions of parameters but a single scalar loss, reverse-mode computes all gradients in a single backward pass.",4,Weak
A295,Q030,"Reverse mode computes derivatives of one output with respect to many inputs in one pass, which matches neural nets that have one scalar loss and many weights.","Forward-mode scales computational cost with the number of input parameters, whereas reverse-mode scales with the number of outputs. Because neural networks typically have millions of parameters but a single scalar loss, reverse-mode computes all gradients in a single backward pass.",5,Partial
A296,Q030,"Forward-mode requires one pass per input variable, which is too slow for millions of weights. Reverse-mode computes all weight gradients with respect to the single scalar loss in a single backward pass.","Forward-mode scales computational cost with the number of input parameters, whereas reverse-mode scales with the number of outputs. Because neural networks typically have millions of parameters but a single scalar loss, reverse-mode computes all gradients in a single backward pass.",6,Partial
A297,Q030,"Reverse-mode autodiff computes gradients of a single output with respect to many inputs in a single backward pass. Because neural networks typically have millions of parameters and only one scalar loss, reverse-mode is vastly more computationally efficient than forward-mode.","Forward-mode scales computational cost with the number of input parameters, whereas reverse-mode scales with the number of outputs. Because neural networks typically have millions of parameters but a single scalar loss, reverse-mode computes all gradients in a single backward pass.",7,Good
A298,Q030,"Forward-mode computational complexity scales with the number of input dimensions (N), requiring N forward passes. Reverse-mode scales with output dimensions (M); since deep networks map N parameters to M=1 scalar loss, reverse-mode requires only one backward pass to compute all gradients.","Forward-mode scales computational cost with the number of input parameters, whereas reverse-mode scales with the number of outputs. Because neural networks typically have millions of parameters but a single scalar loss, reverse-mode computes all gradients in a single backward pass.",8,Good
A299,Q030,"The choice between modes depends on the ratio of inputs to outputs. Forward-mode scales with input dimensionality O(N) by propagating directional derivatives. Reverse-mode scales with output dimensionality O(M) by propagating adjoints. Deep neural networks have millions of parameters (N >> 1) and a single scalar loss (M = 1), meaning reverse-mode computes all parameter gradients in one backward pass, whereas forward-mode would require millions of passes.","Forward-mode scales computational cost with the number of input parameters, whereas reverse-mode scales with the number of outputs. Because neural networks typically have millions of parameters but a single scalar loss, reverse-mode computes all gradients in a single backward pass.",9,Excellent
A300,Q030,"Given a function f: R^N -> R^M, forward-mode automatic differentiation evaluates Jacobian-vector products with computational cost proportional to the number of input dimensions N. Reverse-mode automatic differentiation computes vector-Jacobian products with cost proportional to the output dimension M. In neural network optimization, we minimize a scalar objective function L: R^N -> R^1 where N (number of parameters) is in the millions and M = 1. Reverse-mode computes the full gradient vector grad_w L in a single backward pass with temporal complexity O(1) relative to forward evaluation.","Forward-mode scales computational cost with the number of input parameters, whereas reverse-mode scales with the number of outputs. Because neural networks typically have millions of parameters but a single scalar loss, reverse-mode computes all gradients in a single backward pass.",10,Excellent
A301,Q031,Convolution is resizing an image to 28x28 pixels.,"A convolution operation performs element-wise multiplication between a learnable kernel (filter) and localized spatial receptive patches of the input tensor, followed by a summation to produce a feature map.",1,Poor
A302,Q031,It is when you divide an image by another image using matrix inversion.,"A convolution operation performs element-wise multiplication between a learnable kernel (filter) and localized spatial receptive patches of the input tensor, followed by a summation to produce a feature map.",2,Poor
A303,Q031,It is sliding a small box across an image to do math.,"A convolution operation performs element-wise multiplication between a learnable kernel (filter) and localized spatial receptive patches of the input tensor, followed by a summation to produce a feature map.",3,Weak
A304,Q031,Multiplying an image by a filter to detect features like lines.,"A convolution operation performs element-wise multiplication between a learnable kernel (filter) and localized spatial receptive patches of the input tensor, followed by a summation to produce a feature map.",4,Weak
A305,Q031,Convolution is sliding a filter kernel across the image and computing element-wise multiplication and sum to produce a feature map.,"A convolution operation performs element-wise multiplication between a learnable kernel (filter) and localized spatial receptive patches of the input tensor, followed by a summation to produce a feature map.",5,Partial
A306,Q031,"It is a mathematical operation where a learnable kernel slides over the input tensor, performing dot products at each spatial position to create an output map.","A convolution operation performs element-wise multiplication between a learnable kernel (filter) and localized spatial receptive patches of the input tensor, followed by a summation to produce a feature map.",6,Partial
A307,Q031,"In CNNs, convolution is an operation where a learnable filter (kernel) slides over the spatial dimensions of an input, computing element-wise products and summing them to produce a 2D feature map.","A convolution operation performs element-wise multiplication between a learnable kernel (filter) and localized spatial receptive patches of the input tensor, followed by a summation to produce a feature map.",7,Good
A308,Q031,"Convolution involves convolving an input tensor with a small parameter matrix (kernel). At each spatial receptive location, element-wise multiplication is performed followed by summation and bias addition to extract localized features.","A convolution operation performs element-wise multiplication between a learnable kernel (filter) and localized spatial receptive patches of the input tensor, followed by a summation to produce a feature map.",8,Good
A309,Q031,"In a CNN, the convolution operation consists of sliding a learnable multidimensional filter across the height and width of an input tensor. At each local receptive field, an element-wise product between kernel weights and local input patch values is calculated and summed together, yielding an activation value in the resulting feature map.","A convolution operation performs element-wise multiplication between a learnable kernel (filter) and localized spatial receptive patches of the input tensor, followed by a summation to produce a feature map.",9,Excellent
A310,Q031,"In deep learning, discrete 2D convolution (technically cross-correlation) is formulated as S(i, j) = (I * K)(i, j) = sum_m sum_n sum_c I(i+m, j+n, c) * K(m, n, c) + b. A 3D kernel of dimensions (k_h, k_w, c_in) slides across spatial coordinates with stride s, performing inner products with localized input patches across all input channels to extract translationally shared spatial representations called feature maps.","A convolution operation performs element-wise multiplication between a learnable kernel (filter) and localized spatial receptive patches of the input tensor, followed by a summation to produce a feature map.",10,Excellent
A311,Q032,CNN layers can store audio files and run without electricity.,"Convolutional layers provide parameter sharing, where the same filter is reused across the entire image, and translation invariance through sparse local connectivity, greatly reducing parameter count compared to dense layers.",1,Poor
A312,Q032,They have 100% accuracy and never need backpropagation.,"Convolutional layers provide parameter sharing, where the same filter is reused across the entire image, and translation invariance through sparse local connectivity, greatly reducing parameter count compared to dense layers.",2,Poor
A313,Q032,They take fewer parameters and are good for pictures.,"Convolutional layers provide parameter sharing, where the same filter is reused across the entire image, and translation invariance through sparse local connectivity, greatly reducing parameter count compared to dense layers.",3,Weak
A314,Q032,Parameter sharing and they work on 2D images directly.,"Convolutional layers provide parameter sharing, where the same filter is reused across the entire image, and translation invariance through sparse local connectivity, greatly reducing parameter count compared to dense layers.",4,Weak
A315,Q032,"Parameter sharing and sparse connectivity, which reduces the number of weights.","Convolutional layers provide parameter sharing, where the same filter is reused across the entire image, and translation invariance through sparse local connectivity, greatly reducing parameter count compared to dense layers.",5,Partial
A316,Q032,"The advantages are parameter sharing, where one filter is used everywhere, and translation invariance through local connectivity, drastically reducing parameters.","Convolutional layers provide parameter sharing, where the same filter is reused across the entire image, and translation invariance through sparse local connectivity, greatly reducing parameter count compared to dense layers.",6,Partial
A317,Q032,"The two primary advantages are parameter sharing (the same kernel weights are reused across the whole spatial grid) and sparse connectivity (neurons connect only to local patches), which drastically reduces parameters and provides translation invariance.","Convolutional layers provide parameter sharing, where the same filter is reused across the entire image, and translation invariance through sparse local connectivity, greatly reducing parameter count compared to dense layers.",7,Good
A318,Q032,"Convolutional layers exploit parameter sharing and local connectivity. Parameter sharing drastically lowers parameter counts compared to dense layers, while local connectivity preserves spatial relationships and provides translation invariance.","Convolutional layers provide parameter sharing, where the same filter is reused across the entire image, and translation invariance through sparse local connectivity, greatly reducing parameter count compared to dense layers.",8,Good
A319,Q032,"The two principal advantages are: 1) Parameter sharing, meaning kernel weights are reused across the entire input image rather than having unique weights per pixel, drastically shrinking memory footprint; and 2) Sparse interactions (local connectivity), where each output neuron connects only to a small local receptive field, preserving spatial topology and providing translation equivariance.","Convolutional layers provide parameter sharing, where the same filter is reused across the entire image, and translation invariance through sparse local connectivity, greatly reducing parameter count compared to dense layers.",9,Excellent
A320,Q032,"First is parameter sharing: convolutional kernels reuse the same set of weights across all spatial spatial coordinates, drastically reducing parameter count from O(H * W * C * N_out) in dense layers to O(k_h * k_w * C_in * C_out), which makes high-resolution image processing tractable. Second is sparse local connectivity and translation equivariance: neurons process localized spatial neighborhoods, preserving 2D spatial hierarchies and ensuring that a feature detected at one image coordinate is detected equally when translated elsewhere.","Convolutional layers provide parameter sharing, where the same filter is reused across the entire image, and translation invariance through sparse local connectivity, greatly reducing parameter count compared to dense layers.",10,Excellent
A321,Q033,Pooling layers are used to store image files into a database pool.,"Pooling layers downsample the spatial dimensions of feature maps, reducing computational requirements, controlling overfitting, and providing invariance to small spatial shifts.",1,Poor
A322,Q033,They multiply all numbers by zero to finish the forward pass.,"Pooling layers downsample the spatial dimensions of feature maps, reducing computational requirements, controlling overfitting, and providing invariance to small spatial shifts.",2,Poor
A323,Q033,Pooling makes the image smaller to train faster.,"Pooling layers downsample the spatial dimensions of feature maps, reducing computational requirements, controlling overfitting, and providing invariance to small spatial shifts.",3,Weak
A324,Q033,It downsamples the feature map and reduces overfitting.,"Pooling layers downsample the spatial dimensions of feature maps, reducing computational requirements, controlling overfitting, and providing invariance to small spatial shifts.",4,Weak
A325,Q033,The main function of pooling is downsampling the spatial size of feature maps to reduce computation and control overfitting.,"Pooling layers downsample the spatial dimensions of feature maps, reducing computational requirements, controlling overfitting, and providing invariance to small spatial shifts.",5,Partial
A326,Q033,"Pooling layers reduce spatial dimensions (height and width) while retaining important features, reducing parameter count and giving translation invariance.","Pooling layers downsample the spatial dimensions of feature maps, reducing computational requirements, controlling overfitting, and providing invariance to small spatial shifts.",6,Partial
A327,Q033,"The primary function of pooling layers is spatial downsampling. By reducing the height and width of feature maps, pooling decreases computational load, controls overfitting, and introduces a degree of spatial translation invariance.","Pooling layers downsample the spatial dimensions of feature maps, reducing computational requirements, controlling overfitting, and providing invariance to small spatial shifts.",7,Good
A328,Q033,"Pooling layers perform non-linear downsampling across spatial dimensions, which reduces the number of subsequent parameters and operations, prevents overfitting, and increases the effective receptive field of subsequent layers.","Pooling layers downsample the spatial dimensions of feature maps, reducing computational requirements, controlling overfitting, and providing invariance to small spatial shifts.",8,Good
A329,Q033,"The primary functions of pooling layers are spatial dimensionality reduction and translation invariance. By downsampling feature maps (e.g., using 2x2 max pooling with stride 2), they reduce spatial dimensions by 75%, significantly lowering computational cost and parameter requirements in subsequent dense layers while retaining dominant activations.","Pooling layers downsample the spatial dimensions of feature maps, reducing computational requirements, controlling overfitting, and providing invariance to small spatial shifts.",9,Excellent
A330,Q033,"Pooling layers perform spatial downsampling on individual feature channels independently. Their primary objectives are threefold: 1) Dimensionality reduction, cutting computational complexity and memory footprint by discarding redundant spatial detail; 2) Overfitting mitigation by reducing feature dimensions; and 3) Inducing spatial translation invariance, meaning minor shifts or distortions in the input image do not alter the pooled feature representation.","Pooling layers downsample the spatial dimensions of feature maps, reducing computational requirements, controlling overfitting, and providing invariance to small spatial shifts.",10,Excellent
A331,Q034,Valid padding is for training data and same padding is for validation data.,"Valid padding adds no zero-padding, causing spatial feature map dimensions to decrease after convolution. Same padding pads input borders with zeros such that the output feature map matches the input dimensions when stride equals one.",1,Poor
A332,Q034,Valid padding only works with odd numbers and same padding only with even numbers.,"Valid padding adds no zero-padding, causing spatial feature map dimensions to decrease after convolution. Same padding pads input borders with zeros such that the output feature map matches the input dimensions when stride equals one.",2,Poor
A333,Q034,Valid has no padding and same padding keeps the size the same.,"Valid padding adds no zero-padding, causing spatial feature map dimensions to decrease after convolution. Same padding pads input borders with zeros such that the output feature map matches the input dimensions when stride equals one.",3,Weak
A334,Q034,"Valid padding shrinks the image, but same padding adds zeros to prevent shrinking.","Valid padding adds no zero-padding, causing spatial feature map dimensions to decrease after convolution. Same padding pads input borders with zeros such that the output feature map matches the input dimensions when stride equals one.",4,Weak
A335,Q034,Valid padding means zero padding is not added so output size decreases. Same padding adds zero padding so output size equals input size (with stride 1).,"Valid padding adds no zero-padding, causing spatial feature map dimensions to decrease after convolution. Same padding pads input borders with zeros such that the output feature map matches the input dimensions when stride equals one.",5,Partial
A336,Q034,"In valid padding, the filter only slides inside image bounds, shrinking the spatial output. In same padding, border zeros are added so the output dimensions match the input dimensions.","Valid padding adds no zero-padding, causing spatial feature map dimensions to decrease after convolution. Same padding pads input borders with zeros such that the output feature map matches the input dimensions when stride equals one.",6,Partial
A337,Q034,"Valid padding applies no zero-padding (p=0), causing the output feature map to shrink to (N - K + 1). Same padding adds zero-padding around borders such that the output spatial dimensions match the input dimensions when stride equals 1.","Valid padding adds no zero-padding, causing spatial feature map dimensions to decrease after convolution. Same padding pads input borders with zeros such that the output feature map matches the input dimensions when stride equals one.",7,Good
A338,Q034,"With valid padding, no padding is applied and edge pixels are discarded if the filter exceeds borders, resulting in smaller output. Same padding pads input borders symmetrically with zeros, ensuring output size equals input size for stride 1.","Valid padding adds no zero-padding, causing spatial feature map dimensions to decrease after convolution. Same padding pads input borders with zeros such that the output feature map matches the input dimensions when stride equals one.",8,Good
A339,Q034,"Valid padding means no padding (padding = 0); the filter is strictly confined within input bounds, producing an output of size (W - K + 1)/S. Same padding calculates sufficient zero-padding on all sides (p = (K - 1) / 2 for odd kernels) such that output spatial dimensions equal input dimensions when stride = 1, preserving border information.","Valid padding adds no zero-padding, causing spatial feature map dimensions to decrease after convolution. Same padding pads input borders with zeros such that the output feature map matches the input dimensions when stride equals one.",9,Excellent
A340,Q034,"Valid padding computes convolutions purely over valid pixels with zero boundary padding (p = 0), yielding spatial output dimension floor((W - K)/S) + 1, which causes feature maps to shrink layer by layer. Same padding dynamically computes zero-padding p = ceil(((W - 1)*S + K - W) / 2) applied along borders, guaranteeing that output spatial dimensions exactly mirror input dimensions (floor((W + 2p - K)/S) + 1 = W when S = 1), preventing loss of peripheral spatial information in deep architectures.","Valid padding adds no zero-padding, causing spatial feature map dimensions to decrease after convolution. Same padding pads input borders with zeros such that the output feature map matches the input dimensions when stride equals one.",10,Excellent
A341,Q035,Receptive field is the football field where dataset photos were taken.,"The receptive field is the specific spatial area of the original input image that directly influences the activation of a particular neuron in a deeper feature map, expanding as depth increases.",1,Poor
A342,Q035,It is the RAM space allocated to a single float value.,"The receptive field is the specific spatial area of the original input image that directly influences the activation of a particular neuron in a deeper feature map, expanding as depth increases.",2,Poor
A343,Q035,It is how much of the image a neuron can see.,"The receptive field is the specific spatial area of the original input image that directly influences the activation of a particular neuron in a deeper feature map, expanding as depth increases.",3,Weak
A344,Q035,The receptive field is the area in the input image that connects to a neuron.,"The receptive field is the specific spatial area of the original input image that directly influences the activation of a particular neuron in a deeper feature map, expanding as depth increases.",4,Weak
A345,Q035,The receptive field is the specific region of the input image that directly influences the activation of a neuron in a deeper layer.,"The receptive field is the specific spatial area of the original input image that directly influences the activation of a particular neuron in a deeper feature map, expanding as depth increases.",5,Partial
A346,Q035,"It refers to the patch of pixels in the raw input image that affects a particular unit's output, growing larger as you go deeper into the network.","The receptive field is the specific spatial area of the original input image that directly influences the activation of a particular neuron in a deeper feature map, expanding as depth increases.",6,Partial
A347,Q035,"The receptive field is the spatial region in the original input image that contributes to the activation of a specific neuron. As you move deeper through convolutional and pooling layers, the receptive field expands hierarchically.","The receptive field is the specific spatial area of the original input image that directly influences the activation of a particular neuron in a deeper feature map, expanding as depth increases.",7,Good
A348,Q035,"It is the localized area of the input volume that a neuron can 'see' and respond to. Stacking multiple convolution and pooling layers increases the effective receptive field, enabling deeper neurons to capture global context.","The receptive field is the specific spatial area of the original input image that directly influences the activation of a particular neuron in a deeper feature map, expanding as depth increases.",8,Good
A349,Q035,"The receptive field of a neuron is the specific subregion of the original input space that influences its activation. In early convolutional layers, neurons have small local receptive fields (e.g., 3x3 pixels detecting edges). In deeper layers, due to successive convolutions and pooling, the effective receptive field expands dramatically to encompass entire objects.","The receptive field is the specific spatial area of the original input image that directly influences the activation of a particular neuron in a deeper feature map, expanding as depth increases.",9,Excellent
A350,Q035,"The receptive field (RF) denotes the spatial support region in the input image manifold that mathematically influences the activation of a unit in a deeper feature map. A unit in layer l has a local RF equal to the kernel size k_l with respect to layer l-1, but its global RF with respect to the input grows recursively as RF_l = RF_{l-1} + (k_l - 1) * prod_{i=1}^{l-1} s_i. This structural hierarchy allows deep layers to synthesize localized textures into global semantic concepts.","The receptive field is the specific spatial area of the original input image that directly influences the activation of a particular neuron in a deeper feature map, expanding as depth increases.",10,Excellent
A351,Q036,Max pooling uses maximum learning rate and average pooling uses mean learning rate.,"Max Pooling selects the maximum value within each pooling window, prioritizing dominant edge and texture features, whereas Average Pooling computes the window mean, producing smoother background representations.",1,Poor
A352,Q036,Average pooling can only be used on black and white images.,"Max Pooling selects the maximum value within each pooling window, prioritizing dominant edge and texture features, whereas Average Pooling computes the window mean, producing smoother background representations.",2,Poor
A353,Q036,Max pooling takes the maximum value and average pooling takes the average.,"Max Pooling selects the maximum value within each pooling window, prioritizing dominant edge and texture features, whereas Average Pooling computes the window mean, producing smoother background representations.",3,Weak
A354,Q036,Max pooling finds sharp edges and average pooling smooths the image.,"Max Pooling selects the maximum value within each pooling window, prioritizing dominant edge and texture features, whereas Average Pooling computes the window mean, producing smoother background representations.",4,Weak
A355,Q036,"Max pooling outputs the maximum value in the window to detect prominent features, while average pooling outputs the mean of the window.","Max Pooling selects the maximum value within each pooling window, prioritizing dominant edge and texture features, whereas Average Pooling computes the window mean, producing smoother background representations.",5,Partial
A356,Q036,"Max pooling selects the highest activation in a patch, highlighting edges and sharp features. Average pooling calculates the average value, which smooths out activations and retains background context.","Max Pooling selects the maximum value within each pooling window, prioritizing dominant edge and texture features, whereas Average Pooling computes the window mean, producing smoother background representations.",6,Partial
A357,Q036,"Max pooling takes the maximum value within a window, capturing prominent, high-frequency features like edges and textures. Average pooling computes the arithmetic mean, producing smoother feature representations and capturing overall background information.","Max Pooling selects the maximum value within each pooling window, prioritizing dominant edge and texture features, whereas Average Pooling computes the window mean, producing smoother background representations.",7,Good
A358,Q036,"Max pooling is non-linear and preserves dominant activations regardless of neighborhood noise, making it effective for object detection. Average pooling computes the regional average, which dilutes sharp signals but is useful for global spatial aggregation like Global Average Pooling.","Max Pooling selects the maximum value within each pooling window, prioritizing dominant edge and texture features, whereas Average Pooling computes the window mean, producing smoother background representations.",8,Good
A359,Q036,"Max pooling extracts the maximum activation in each pooling window, acting as a feature detector that preserves the strongest signal (e.g., prominent edges, corners) while ignoring weaker background pixels. Average pooling computes the mean activation over the window, smoothing the feature map and preserving background context, commonly used at the network tail (Global Average Pooling) to replace fully connected layers.","Max Pooling selects the maximum value within each pooling window, prioritizing dominant edge and texture features, whereas Average Pooling computes the window mean, producing smoother background representations.",9,Excellent
A360,Q036,"Max pooling computes y = max_{(i,j) in W} x_{i,j}, selecting the most extreme activation, which prioritizes salient features (edges, structural contours) and offers strong invariance to spatial shifts and illumination. Average pooling computes y = (1 / |W|) sum_{(i,j) in W} x_{i,j}, smoothing activations across the window, which can dilute sharp, localized features. While Max Pooling dominates intermediate CNN backbones for feature selection, Global Average Pooling (GAP) is standard before final classification to condense spatial maps into channel descriptors without overfitting.","Max Pooling selects the maximum value within each pooling window, prioritizing dominant edge and texture features, whereas Average Pooling computes the window mean, producing smoother background representations.",10,Excellent
A361,Q037,1x1 convolutions are used to make all images 1 pixel wide.,"1x1 convolutions compute cross-channel linear combinations followed by non-linear activations, allowing flexible channel dimensionality reduction or expansion without changing spatial width and height.",1,Poor
A362,Q037,Because 1x1 convolutions do not have any weights or math.,"1x1 convolutions compute cross-channel linear combinations followed by non-linear activations, allowing flexible channel dimensionality reduction or expansion without changing spatial width and height.",2,Poor
A363,Q037,They are used to change the number of channels without changing width and height.,"1x1 convolutions compute cross-channel linear combinations followed by non-linear activations, allowing flexible channel dimensionality reduction or expansion without changing spatial width and height.",3,Weak
A364,Q037,1x1 convolutions reduce dimensions and make deep networks faster.,"1x1 convolutions compute cross-channel linear combinations followed by non-linear activations, allowing flexible channel dimensionality reduction or expansion without changing spatial width and height.",4,Weak
A365,Q037,"1x1 convolutions act as cross-channel linear combinations with non-linearity, allowing channel dimension reduction or expansion without altering spatial dimensions.","1x1 convolutions compute cross-channel linear combinations followed by non-linear activations, allowing flexible channel dimensionality reduction or expansion without changing spatial width and height.",5,Partial
A366,Q037,"They are used for dimensionality reduction along channel depth, reducing computational cost before expensive 3x3 or 5x5 convolutions, such as in Inception and bottleneck ResNet blocks.","1x1 convolutions compute cross-channel linear combinations followed by non-linear activations, allowing flexible channel dimensionality reduction or expansion without changing spatial width and height.",6,Partial
A367,Q037,"1x1 convolutions perform linear combinations across feature channels followed by a non-linear activation. They allow changing the number of channels (dimensionality reduction or expansion) while keeping spatial dimensions unchanged, significantly reducing computational cost in deep architectures.","1x1 convolutions compute cross-channel linear combinations followed by non-linear activations, allowing flexible channel dimensionality reduction or expansion without changing spatial width and height.",7,Good
A368,Q037,"Also known as Network-in-Network projections, 1x1 convolutions allow efficient channel-wise pooling and cross-channel feature interactions. In Inception and ResNet bottlenecks, they compress channel depth to lower computational complexity before larger spatial convolutions.","1x1 convolutions compute cross-channel linear combinations followed by non-linear activations, allowing flexible channel dimensionality reduction or expansion without changing spatial width and height.",8,Good
A369,Q037,"1x1 convolutions are primarily used for cross-channel dimensionality reduction (or expansion) without altering spatial resolution. In architectures like Inception and ResNet bottleneck blocks, a 1x1 convolution compresses channel depth (e.g., from 256 to 64 channels), allowing expensive subsequent 3x3 convolutions to operate on far fewer parameters, before another 1x1 expands channels back.","1x1 convolutions compute cross-channel linear combinations followed by non-linear activations, allowing flexible channel dimensionality reduction or expansion without changing spatial width and height.",9,Excellent
A370,Q037,1x1 convolutions (pointwise convolutions) project input channel vectors into a new dimensional subspace at each spatial coordinate via W in R^{C_{out} x C_{in}}. They offer three critical benefits: 1) Flexible cross-channel dimensionality reduction or expansion without modifying spatial height and width; 2) Significant reduction in multiply-accumulate operations when placed as bottleneck layers prior to 3x3 filters (as in ResNet and Inception); and 3) Addition of non-linear expressiveness via followed activation functions without spatial blurring.,"1x1 convolutions compute cross-channel linear combinations followed by non-linear activations, allowing flexible channel dimensionality reduction or expansion without changing spatial width and height.",10,Excellent
A371,Q038,Degradation means the computer hard drive degrades during training.,"As networks grow deeper, training accuracy saturates and degrades because gradients attenuate through layers. ResNet introduces skip connections that pass identity mappings directly across layers, allowing gradients to propagate unobstructed.",1,Poor
A372,Q038,It means that the images get corrupt when saved as PNG.,"As networks grow deeper, training accuracy saturates and degrades because gradients attenuate through layers. ResNet introduces skip connections that pass identity mappings directly across layers, allowing gradients to propagate unobstructed.",2,Poor
A373,Q038,"As networks get deeper, accuracy drops, and ResNet adds skip connections to fix it.","As networks grow deeper, training accuracy saturates and degrades because gradients attenuate through layers. ResNet introduces skip connections that pass identity mappings directly across layers, allowing gradients to propagate unobstructed.",3,Weak
A374,Q038,"Deeper networks become harder to train because gradients vanish, so skip connections help.","As networks grow deeper, training accuracy saturates and degrades because gradients attenuate through layers. ResNet introduces skip connections that pass identity mappings directly across layers, allowing gradients to propagate unobstructed.",4,Weak
A375,Q038,"The degradation problem is that adding more layers increases training error, not just test error. ResNet solves it by adding skip connections that allow gradients to bypass layers.","As networks grow deeper, training accuracy saturates and degrades because gradients attenuate through layers. ResNet introduces skip connections that pass identity mappings directly across layers, allowing gradients to propagate unobstructed.",5,Partial
A376,Q038,Degradation occurs when very deep networks get higher training error than shallower ones (not caused by overfitting). ResNet uses residual connections F(x) + x so layers learn residual mappings instead of unreferenced ones.,"As networks grow deeper, training accuracy saturates and degrades because gradients attenuate through layers. ResNet introduces skip connections that pass identity mappings directly across layers, allowing gradients to propagate unobstructed.",6,Partial
A377,Q038,"The degradation problem occurs when increasing network depth leads to higher training error, not due to overfitting but optimization difficulty. ResNet solves this by introducing skip connections: output y = F(x) + x, allowing identity mappings to pass directly and gradients to flow unimpeded.","As networks grow deeper, training accuracy saturates and degrades because gradients attenuate through layers. ResNet introduces skip connections that pass identity mappings directly across layers, allowing gradients to propagate unobstructed.",7,Good
A378,Q038,"In deep networks, training error saturates and degrades because gradient signals decay over many layers. ResNet introduces identity shortcut connections that let information skip layers, enabling backpropagation gradients to flow directly back to early layers without attenuation.","As networks grow deeper, training accuracy saturates and degrades because gradients attenuate through layers. ResNet introduces skip connections that pass identity mappings directly across layers, allowing gradients to propagate unobstructed.",8,Good
A379,Q038,"The degradation problem is the counterintuitive phenomenon where adding more layers to an already deep network results in higher training error (not overfitting, but an optimization barrier). ResNet solves this by introducing residual skip connections that reformulate the mapping as H(x) = F(x) + x. If extra layers are redundant, the network can easily learn F(x) = 0, collapsing into an identity mapping while providing a gradient highway for backpropagation.","As networks grow deeper, training accuracy saturates and degrades because gradients attenuate through layers. ResNet introduces skip connections that pass identity mappings directly across layers, allowing gradients to propagate unobstructed.",9,Excellent
A380,Q038,"The degradation problem refers to the empirical finding that as network depth increases beyond a certain threshold, training error worsens, indicating an optimization failure rather than overfitting. He et al. resolved this with Residual Networks (ResNet) via identity shortcut connections: y = F(x, {W_i}) + x. Instead of fitting an unreferenced underlying mapping H(x), layers optimize the residual mapping F(x) = H(x) - x. During backpropagation, the gradient of the loss contains an additive identity term dL/dx = dL/dy * (dF/dx + 1), ensuring that gradients propagate directly across arbitrary layer depths without vanishing.","As networks grow deeper, training accuracy saturates and degrades because gradients attenuate through layers. ResNet introduces skip connections that pass identity mappings directly across layers, allowing gradients to propagate unobstructed.",10,Excellent
A381,Q039,It separates training into two different GPUs based on file size.,"Depthwise separable convolution splits standard convolution into a depthwise convolution applying one filter per channel, followed by a 1x1 pointwise convolution combining channels, cutting computational multiply-accumulate operations significantly.",1,Poor
A382,Q039,It separates RGB colors into three separate neural networks.,"Depthwise separable convolution splits standard convolution into a depthwise convolution applying one filter per channel, followed by a 1x1 pointwise convolution combining channels, cutting computational multiply-accumulate operations significantly.",2,Poor
A383,Q039,It splits convolution into depthwise and pointwise to make it faster.,"Depthwise separable convolution splits standard convolution into a depthwise convolution applying one filter per channel, followed by a 1x1 pointwise convolution combining channels, cutting computational multiply-accumulate operations significantly.",3,Weak
A384,Q039,Used in MobileNet to reduce operations by breaking standard convolution into two smaller steps.,"Depthwise separable convolution splits standard convolution into a depthwise convolution applying one filter per channel, followed by a 1x1 pointwise convolution combining channels, cutting computational multiply-accumulate operations significantly.",4,Weak
A385,Q039,"Depthwise separable convolution splits standard convolution into a depthwise convolution (one filter per channel) and a 1x1 pointwise convolution, drastically reducing multiplications.","Depthwise separable convolution splits standard convolution into a depthwise convolution applying one filter per channel, followed by a 1x1 pointwise convolution combining channels, cutting computational multiply-accumulate operations significantly.",5,Partial
A386,Q039,"It separates spatial filtering from channel mixing: first applying a 3x3 filter to each channel independently (depthwise), then using a 1x1 convolution across channels (pointwise), reducing computation by roughly 8 to 9 times.","Depthwise separable convolution splits standard convolution into a depthwise convolution applying one filter per channel, followed by a 1x1 pointwise convolution combining channels, cutting computational multiply-accumulate operations significantly.",6,Partial
A387,Q039,"Depthwise separable convolution decomposes standard convolution into two stages: a depthwise convolution that applies a spatial filter per channel, and a pointwise (1x1) convolution that combines channel outputs. This reduces computational cost by roughly 8 to 9 times compared to standard 3x3 convolution.","Depthwise separable convolution splits standard convolution into a depthwise convolution applying one filter per channel, followed by a 1x1 pointwise convolution combining channels, cutting computational multiply-accumulate operations significantly.",7,Good
A388,Q039,"Instead of convolving across space and channels simultaneously, it decouples them into: 1) Depthwise convolution (filtering spatial patterns per channel), and 2) Pointwise 1x1 convolution (combining channels). In MobileNet, this cuts computational complexity to approximately 1/N + 1/K^2 of standard convolution.","Depthwise separable convolution splits standard convolution into a depthwise convolution applying one filter per channel, followed by a 1x1 pointwise convolution combining channels, cutting computational multiply-accumulate operations significantly.",8,Good
A389,Q039,"Depthwise separable convolution breaks standard convolution into two discrete steps: 1) Depthwise convolution, which applies a single spatial filter per input channel (spatial filtering), and 2) Pointwise convolution, which applies a 1x1 convolution to linearly combine channel outputs (channel projection). This factorization reduces multiply-accumulate operations from D_K^2 * M * N * D_F^2 to D_K^2 * M * D_F^2 + M * N * D_F^2, saving roughly 85-90% of compute.","Depthwise separable convolution splits standard convolution into a depthwise convolution applying one filter per channel, followed by a 1x1 pointwise convolution combining channels, cutting computational multiply-accumulate operations significantly.",9,Excellent
A390,Q039,"Standard 2D convolution has a computational cost of D_K^2 * M * N * D_F^2 (where D_K is kernel size, M input channels, N output channels, D_F spatial dimension). Depthwise Separable Convolution decomposes this into: 1) Depthwise convolution, applying spatial filters independently per input channel with cost D_K^2 * M * D_F^2; and 2) Pointwise convolution, using 1x1 kernels across channels with cost M * N * D_F^2. The computational ratio is (D_K^2 * M * D_F^2 + M * N * D_F^2) / (D_K^2 * M * N * D_F^2) = 1/N + 1/D_K^2. For a 3x3 kernel, this yields an approximate 8 to 9-fold reduction in FLOPs, making it the core building block of efficient architectures like MobileNet and Xception.","Depthwise separable convolution splits standard convolution into a depthwise convolution applying one filter per channel, followed by a 1x1 pointwise convolution combining channels, cutting computational multiply-accumulate operations significantly.",10,Excellent
A391,Q040,Transposed convolution is taking the mathematical transpose of a CSV file.,"Transposed convolution is an upsampling operation that maps lower-resolution feature maps into higher spatial resolutions by projecting single values over a kernel footprint, commonly used in semantic segmentation and autoencoders.",1,Poor
A392,Q040,It is turning an image upside down to do data augmentation.,"Transposed convolution is an upsampling operation that maps lower-resolution feature maps into higher spatial resolutions by projecting single values over a kernel footprint, commonly used in semantic segmentation and autoencoders.",2,Poor
A393,Q040,It is an inverse convolution used to make smaller feature maps bigger.,"Transposed convolution is an upsampling operation that maps lower-resolution feature maps into higher spatial resolutions by projecting single values over a kernel footprint, commonly used in semantic segmentation and autoencoders.",3,Weak
A394,Q040,Used for upsampling in autoencoders and semantic segmentation.,"Transposed convolution is an upsampling operation that maps lower-resolution feature maps into higher spatial resolutions by projecting single values over a kernel footprint, commonly used in semantic segmentation and autoencoders.",4,Weak
A395,Q040,Transposed convolution (sometimes called deconvolution) is an upsampling layer that increases the spatial resolution of feature maps using learnable weights.,"Transposed convolution is an upsampling operation that maps lower-resolution feature maps into higher spatial resolutions by projecting single values over a kernel footprint, commonly used in semantic segmentation and autoencoders.",5,Partial
A396,Q040,"It is an operation that maps a low-resolution feature map to a higher resolution by projecting each input pixel over a kernel window, commonly used in generative models and segmentation.","Transposed convolution is an upsampling operation that maps lower-resolution feature maps into higher spatial resolutions by projecting single values over a kernel footprint, commonly used in semantic segmentation and autoencoders.",6,Partial
A397,Q040,"Transposed convolution is a learnable upsampling operation that expands the spatial dimensions of feature maps. Unlike pooling or interpolation, its weights are learnable, and it is widely used in semantic segmentation (U-Net) and generative models (GANs, Autoencoders).","Transposed convolution is an upsampling operation that maps lower-resolution feature maps into higher spatial resolutions by projecting single values over a kernel footprint, commonly used in semantic segmentation and autoencoders.",7,Good
A398,Q040,"Often referred to as fractionally strided convolution, transposed convolution performs the backward pass of a normal convolution as its forward operation, upsampling low-resolution feature representations into high-resolution maps for pixel-wise tasks.","Transposed convolution is an upsampling operation that maps lower-resolution feature maps into higher spatial resolutions by projecting single values over a kernel footprint, commonly used in semantic segmentation and autoencoders.",8,Good
A399,Q040,"A transposed convolution is a learnable upsampling transformation that maps lower spatial dimensions to higher spatial dimensions. It functions by associating each input value with a kernel that distributes activations across an expanded output grid with stride. It is essential in decoder architectures such as U-Net for semantic segmentation, Autoencoders, and DCGANs for image synthesis.","Transposed convolution is an upsampling operation that maps lower-resolution feature maps into higher spatial resolutions by projecting single values over a kernel footprint, commonly used in semantic segmentation and autoencoders.",9,Excellent
A400,Q040,"Transposed convolution (fractionally strided convolution) is an upsampling operator where the forward pass computes the gradient operation of a standard convolution. Given a sparse or low-resolution input tensor, each input scalar scales a learnable kernel matrix, which is then superimposed onto an expanded spatial output canvas with stride. Unlike static interpolation (bilinear or nearest-neighbor), transposed convolution contains trainable parameters that learn task-specific reconstruction, serving as the core upsampling mechanism in U-Net decoders, Super-Resolution networks, and Generative Adversarial Networks.","Transposed convolution is an upsampling operation that maps lower-resolution feature maps into higher spatial resolutions by projecting single values over a kernel footprint, commonly used in semantic segmentation and autoencoders.",10,Excellent
A401,Q041,RNN is a network that repeats the same image training multiple times.,"An RNN is a neural network architecture containing cyclical feedback loops that maintain an internal hidden state, specifically designed to process sequential and time-series data such as text, speech, and sensor feeds.",1,Poor
A402,Q041,It is used for sorting tabular records in SQL databases.,"An RNN is a neural network architecture containing cyclical feedback loops that maintain an internal hidden state, specifically designed to process sequential and time-series data such as text, speech, and sensor feeds.",2,Poor
A403,Q041,It is a network with loops designed to work with text sentences.,"An RNN is a neural network architecture containing cyclical feedback loops that maintain an internal hidden state, specifically designed to process sequential and time-series data such as text, speech, and sensor feeds.",3,Weak
A404,Q041,RNN has recurrent connections and processes sequence data step by step.,"An RNN is a neural network architecture containing cyclical feedback loops that maintain an internal hidden state, specifically designed to process sequential and time-series data such as text, speech, and sensor feeds.",4,Weak
A405,Q041,"An RNN is a neural network with feedback connections that maintains a hidden state, designed for sequential and time-series data like text and audio.","An RNN is a neural network architecture containing cyclical feedback loops that maintain an internal hidden state, specifically designed to process sequential and time-series data such as text, speech, and sensor feeds.",5,Partial
A406,Q041,"It is an architecture where connections form cyclical loops, allowing it to remember past inputs. It is designed for sequential inputs like natural language, speech, and stock prices.","An RNN is a neural network architecture containing cyclical feedback loops that maintain an internal hidden state, specifically designed to process sequential and time-series data such as text, speech, and sensor feeds.",6,Partial
A407,Q041,"A Recurrent Neural Network (RNN) is a neural architecture with cyclical loops that pass information across sequential steps. It maintains an internal hidden state, making it suitable for sequential and temporal data such as text, speech, and time-series.","An RNN is a neural network architecture containing cyclical feedback loops that maintain an internal hidden state, specifically designed to process sequential and time-series data such as text, speech, and sensor feeds.",7,Good
A408,Q041,"RNNs are designed for sequential data where order matters. Unlike feedforward networks, RNNs process inputs iteratively while maintaining a hidden state vector that summarizes preceding temporal context.","An RNN is a neural network architecture containing cyclical feedback loops that maintain an internal hidden state, specifically designed to process sequential and time-series data such as text, speech, and sensor feeds.",8,Good
A409,Q041,"A Recurrent Neural Network (RNN) is a specialized class of neural networks containing recurrent cyclic feedback loops. These loops allow the network to maintain an evolving internal hidden state over sequential time steps. It is fundamentally designed for variable-length sequential and temporal data, including natural language sentences, speech audio, sensor logs, and financial time-series.","An RNN is a neural network architecture containing cyclical feedback loops that maintain an internal hidden state, specifically designed to process sequential and time-series data such as text, speech, and sensor feeds.",9,Excellent
A410,Q041,"A Recurrent Neural Network is a class of artificial neural networks wherein connections between units form directed cycles along a temporal sequence. Unlike feedforward networks which assume independent and identically distributed (i.i.d.) inputs, RNNs possess an internal recurrent state h_t = tanh(W_hh h_{t-1} + W_xh x_t + b_h) that functions as a memory of past sequence history, making them uniquely equipped for sequential data (NLP, speech processing, time-series forecasting, video stream analysis) where temporal dependencies and variable sequence lengths predominate.","An RNN is a neural network architecture containing cyclical feedback loops that maintain an internal hidden state, specifically designed to process sequential and time-series data such as text, speech, and sensor feeds.",10,Excellent
A411,Q042,Hidden state is a state variable hidden from the programmer by an access modifier.,The hidden state is an internal memory vector updated at every time step that encodes historical contextual information from preceding sequence elements up to the current point.,1,Poor
A412,Q042,It is the state when the neural network is paused during training.,The hidden state is an internal memory vector updated at every time step that encodes historical contextual information from preceding sequence elements up to the current point.,2,Poor
A413,Q042,It is the memory inside the RNN that keeps track of the past words.,The hidden state is an internal memory vector updated at every time step that encodes historical contextual information from preceding sequence elements up to the current point.,3,Weak
A414,Q042,Hidden state is a vector updated at each step containing the summary of previous steps.,The hidden state is an internal memory vector updated at every time step that encodes historical contextual information from preceding sequence elements up to the current point.,4,Weak
A415,Q042,The hidden state is an internal vector updated at each time step that stores information about the previous inputs seen so far.,The hidden state is an internal memory vector updated at every time step that encodes historical contextual information from preceding sequence elements up to the current point.,5,Partial
A416,Q042,"It represents the network's working memory at time t, computed from the current input and the previous hidden state: h_t = f(W x_t + U h_{t-1}).",The hidden state is an internal memory vector updated at every time step that encodes historical contextual information from preceding sequence elements up to the current point.,6,Partial
A417,Q042,The hidden state is an internal memory vector updated at every time step that encodes the cumulative history of the sequence from time step 0 up to the current step t.,The hidden state is an internal memory vector updated at every time step that encodes historical contextual information from preceding sequence elements up to the current point.,7,Good
A418,Q042,"It acts as the memory of the network, carrying forward a representation of all previous sequence elements. At step t, it is computed from the current input x_t and prior hidden state h_{t-1}.",The hidden state is an internal memory vector updated at every time step that encodes historical contextual information from preceding sequence elements up to the current point.,8,Good
A419,Q042,"The hidden state (h_t) is an internal latent representation that serves as the temporal memory of an RNN. Updated recursively at each time step t via h_t = tanh(W_xh x_t + W_hh h_{t-1} + b), it captures and retains contextual information from all preceding time steps, allowing the network to condition its current output on historical sequence context.",The hidden state is an internal memory vector updated at every time step that encodes historical contextual information from preceding sequence elements up to the current point.,9,Excellent
A420,Q042,"The hidden state h_t in an RNN is a continuous latent vector representing the internal state space of the dynamical system at time step t. Computed as h_t = sigma_h(W_hh h_{t-1} + W_xh x_t + b_h), it serves as a lossy, distributed compression of the entire sequence history (x_1, ..., x_t). It conditions the generation of outputs y_t and provides the necessary temporal context for processing non-Markovian sequence dynamics.",The hidden state is an internal memory vector updated at every time step that encodes historical contextual information from preceding sequence elements up to the current point.,10,Excellent
A421,Q043,"Feedforward networks cannot handle decimal numbers, only integers.","Feedforward networks assume fixed-size inputs and independent samples, making them unable to handle variable sequence lengths, share parameters across time steps, or model temporal dependencies.",1,Poor
A422,Q043,Because feedforward networks only run backwards in time.,"Feedforward networks assume fixed-size inputs and independent samples, making them unable to handle variable sequence lengths, share parameters across time steps, or model temporal dependencies.",2,Poor
A423,Q043,Because feedforward nets have fixed input size and don't remember previous inputs.,"Feedforward networks assume fixed-size inputs and independent samples, making them unable to handle variable sequence lengths, share parameters across time steps, or model temporal dependencies.",3,Weak
A424,Q043,They treat every word independently and cannot handle sentences of different lengths.,"Feedforward networks assume fixed-size inputs and independent samples, making them unable to handle variable sequence lengths, share parameters across time steps, or model temporal dependencies.",4,Weak
A425,Q043,"Feedforward networks assume fixed input length and independent samples, failing to capture word order and temporal dependencies.","Feedforward networks assume fixed-size inputs and independent samples, making them unable to handle variable sequence lengths, share parameters across time steps, or model temporal dependencies.",5,Partial
A426,Q043,"They lack recurrence and parameter sharing across time, requiring a fixed input size and ignoring sequential order and context between time steps.","Feedforward networks assume fixed-size inputs and independent samples, making them unable to handle variable sequence lengths, share parameters across time steps, or model temporal dependencies.",6,Partial
A427,Q043,"Standard feedforward networks require fixed input sizes and assume all input features are independent. Sequential data (like text) has variable lengths and strong temporal correlations, which feedforward networks cannot capture without exploding parameter counts.","Feedforward networks assume fixed-size inputs and independent samples, making them unable to handle variable sequence lengths, share parameters across time steps, or model temporal dependencies.",7,Good
A428,Q043,Feedforward networks do not maintain memory across inputs and lack parameter sharing over time. Treating sequential positions with distinct weights prevents them from generalizing patterns that occur at different temporal offsets.,"Feedforward networks assume fixed-size inputs and independent samples, making them unable to handle variable sequence lengths, share parameters across time steps, or model temporal dependencies.",8,Good
A429,Q043,"Standard feedforward networks are unsuitable for sequential data because: 1) They enforce fixed input/output dimensions, unable to handle variable-length sequences; 2) They do not share parameters across temporal positions, meaning a word learned at position 1 is not recognized at position 5; and 3) They treat inputs independently, ignoring temporal ordering and long-term sequential dependencies.","Feedforward networks assume fixed-size inputs and independent samples, making them unable to handle variable sequence lengths, share parameters across time steps, or model temporal dependencies.",9,Excellent
A430,Q043,"Feedforward architectures fail on sequential tasks due to three fundamental architectural mismatches: 1) Rigid dimension constraints: MLP layers expect fixed input vectors x in R^D, whereas sequences exhibit variable temporal lengths T; 2) Inability to share temporal parameters: an MLP assigns independent weights to each position, failing to generalize invariant patterns across different temporal offsets; and 3) Violation of the independence assumption: feedforward nets assume data points are i.i.d., completely disregarding causal temporal dependencies and word ordering essential for sequential comprehension.","Feedforward networks assume fixed-size inputs and independent samples, making them unable to handle variable sequence lengths, share parameters across time steps, or model temporal dependencies.",10,Excellent
A431,Q044,It is a physical time-travel algorithm used to predict historical stock data.,"Backpropagation Through Time is the backpropagation algorithm applied to an RNN unrolled across sequential time steps, where loss gradients are backpropagated backward through time to update recurrent weight matrices.",1,Poor
A432,Q044,It is when you reverse the timestamps of audio files before training.,"Backpropagation Through Time is the backpropagation algorithm applied to an RNN unrolled across sequential time steps, where loss gradients are backpropagated backward through time to update recurrent weight matrices.",2,Poor
A433,Q044,It is backpropagation applied to an unrolled RNN across time.,"Backpropagation Through Time is the backpropagation algorithm applied to an RNN unrolled across sequential time steps, where loss gradients are backpropagated backward through time to update recurrent weight matrices.",3,Weak
A434,Q044,Unrolling the recurrent network for all time steps and calculating gradients backwards.,"Backpropagation Through Time is the backpropagation algorithm applied to an RNN unrolled across sequential time steps, where loss gradients are backpropagated backward through time to update recurrent weight matrices.",4,Weak
A435,Q044,BPTT is the backpropagation algorithm applied to recurrent networks by unrolling them across time steps and accumulating gradients for shared weights.,"Backpropagation Through Time is the backpropagation algorithm applied to an RNN unrolled across sequential time steps, where loss gradients are backpropagated backward through time to update recurrent weight matrices.",5,Partial
A436,Q044,"Backpropagation Through Time unrolls the RNN across T steps, computes the error at each step, and propagates gradients backward through each time step to update the recurrent weights.","Backpropagation Through Time is the backpropagation algorithm applied to an RNN unrolled across sequential time steps, where loss gradients are backpropagated backward through time to update recurrent weight matrices.",6,Partial
A437,Q044,"Backpropagation Through Time (BPTT) is the adaptation of backpropagation to RNNs. The recurrent network is unrolled across sequential time steps, and loss gradients are backpropagated through time from the final step to the first, accumulating weight updates for shared parameter matrices.","Backpropagation Through Time is the backpropagation algorithm applied to an RNN unrolled across sequential time steps, where loss gradients are backpropagated backward through time to update recurrent weight matrices.",7,Good
A438,Q044,BPTT unrolls the RNN into a feedforward graph with T layers sharing identical weights. It computes gradients of the total sequence loss with respect to weights by summing gradient contributions across all unrolled time steps.,"Backpropagation Through Time is the backpropagation algorithm applied to an RNN unrolled across sequential time steps, where loss gradients are backpropagated backward through time to update recurrent weight matrices.",8,Good
A439,Q044,"Backpropagation Through Time (BPTT) is the algorithm used to train recurrent neural networks. It works by conceptually unrolling the recurrent network over the sequence length T into a deep feedforward computational graph with tied weights. Gradients of the cumulative sequence loss are then backpropagated backward from time step T down to time step 1, accumulating the partial derivatives for shared weight matrices (W_hh, W_xh, W_hy).","Backpropagation Through Time is the backpropagation algorithm applied to an RNN unrolled across sequential time steps, where loss gradients are backpropagated backward through time to update recurrent weight matrices.",9,Excellent
A440,Q044,"BPTT extends reverse-mode automatic differentiation to recurrent computational graphs. Given a sequence of length T with total loss L = sum_{t=1}^T L_t, the RNN is unrolled into an equivalent feedforward graph where weight matrices W are shared across all T time steps. Applying the chain rule yields dL/dW = sum_{t=1}^T dL_t/dW, where each dL_t/dW expands into a temporal chain sum_{k=1}^t (dL_t/dh_t) * (prod_{j=k+1}^t dh_j/dh_{j-1}) * (dh_k/dW). Gradients are accumulated across all unrolled steps to update the tied parameters.","Backpropagation Through Time is the backpropagation algorithm applied to an RNN unrolled across sequential time steps, where loss gradients are backpropagated backward through time to update recurrent weight matrices.",10,Excellent
A441,Q045,Because vanilla RNNs use too much GPU power and terminate early.,"During BPTT over long sequences, gradients are repeatedly multiplied by recurrent weight matrices at every time step. If weight eigenvalues are less than one, gradients vanish exponentially, preventing the network from learning distant dependencies.",1,Poor
A442,Q045,Because vanilla RNNs only have forward connections and cannot store floats.,"During BPTT over long sequences, gradients are repeatedly multiplied by recurrent weight matrices at every time step. If weight eigenvalues are less than one, gradients vanish exponentially, preventing the network from learning distant dependencies.",2,Poor
A443,Q045,Because gradients vanish or explode when the sequence is very long.,"During BPTT over long sequences, gradients are repeatedly multiplied by recurrent weight matrices at every time step. If weight eigenvalues are less than one, gradients vanish exponentially, preventing the network from learning distant dependencies.",3,Weak
A444,Q045,Vanilla RNNs forget early words because weights are multiplied too many times.,"During BPTT over long sequences, gradients are repeatedly multiplied by recurrent weight matrices at every time step. If weight eigenvalues are less than one, gradients vanish exponentially, preventing the network from learning distant dependencies.",4,Weak
A445,Q045,Vanilla RNNs struggle with long-term dependencies due to the vanishing gradient problem caused by repeatedly multiplying recurrent weight matrices during BPTT.,"During BPTT over long sequences, gradients are repeatedly multiplied by recurrent weight matrices at every time step. If weight eigenvalues are less than one, gradients vanish exponentially, preventing the network from learning distant dependencies.",5,Partial
A446,Q045,"When backpropagating over long sequences, multiplying the recurrent weight matrix W_hh repeatedly causes gradients to shrink exponentially to zero, so the network cannot learn long-range connections.","During BPTT over long sequences, gradients are repeatedly multiplied by recurrent weight matrices at every time step. If weight eigenvalues are less than one, gradients vanish exponentially, preventing the network from learning distant dependencies.",6,Partial
A447,Q045,"Vanilla RNNs suffer from vanishing and exploding gradients during BPTT. Because the recurrent weight matrix is repeatedly multiplied across time steps, gradients either diminish to zero or explode exponentially, preventing early steps from receiving meaningful updates.","During BPTT over long sequences, gradients are repeatedly multiplied by recurrent weight matrices at every time step. If weight eigenvalues are less than one, gradients vanish exponentially, preventing the network from learning distant dependencies.",7,Good
A448,Q045,"In vanilla RNNs, computing gradients over T steps involves multiplying the Jacobian dh_t/dh_{t-1} across all steps. If the largest eigenvalue of W_hh is less than 1, gradients decay exponentially, causing the network to forget long-term context.","During BPTT over long sequences, gradients are repeatedly multiplied by recurrent weight matrices at every time step. If weight eigenvalues are less than one, gradients vanish exponentially, preventing the network from learning distant dependencies.",8,Good
A449,Q045,"Vanilla RNNs fail on long sequences due to the vanishing gradient problem during BPTT. The gradient of the loss at step T with respect to the hidden state at step t requires multiplying T - t Jacobian matrices: prod_{k=t+1}^T (dh_k/dh_{k-1}). If the eigenvalues of the recurrent weight matrix W_hh are smaller than 1 and tanh derivatives are <= 1, the gradient decays exponentially to zero, preventing the model from learning dependencies spaced far apart.","During BPTT over long sequences, gradients are repeatedly multiplied by recurrent weight matrices at every time step. If weight eigenvalues are less than one, gradients vanish exponentially, preventing the network from learning distant dependencies.",9,Excellent
A450,Q045,"The mathematical origin of this failure lies in the BPTT gradient term prod_{j=k+1}^t (dh_j/dh_{j-1}) = prod_{j=k+1}^t diag(1 - tanh^2(z_j)) W_hh^T. Over long temporal horizons (t - k >> 1), this represents repeated matrix multiplication. By spectral radius theory, if the spectral radius rho(W_hh) < 1, the product decays exponentially to zero (O(rho^{t-k}) -> 0), completely eliminating gradient signals for distant historical inputs and causing effective memory retention to collapse to only a few recent steps.","During BPTT over long sequences, gradients are repeatedly multiplied by recurrent weight matrices at every time step. If weight eigenvalues are less than one, gradients vanish exponentially, preventing the network from learning distant dependencies.",10,Excellent
A451,Q046,"The gates are AND, OR, and NOT gates used for binary logic circuits.","The forget gate decides what proportion of past cell memory to discard, the input gate determines what new information to store in the cell state, and the output gate regulates what filtered cell state is emitted as the hidden state.",1,Poor
A452,Q046,"They are input gate, output gate, and validation gate used to check model accuracy.","The forget gate decides what proportion of past cell memory to discard, the input gate determines what new information to store in the cell state, and the output gate regulates what filtered cell state is emitted as the hidden state.",2,Poor
A453,Q046,"Forget gate forgets, input gate adds new data, and output gate gives the answer.","The forget gate decides what proportion of past cell memory to discard, the input gate determines what new information to store in the cell state, and the output gate regulates what filtered cell state is emitted as the hidden state.",3,Weak
A454,Q046,"LSTM has forget gate, input gate, and output gate to control what information stays in the memory cell.","The forget gate decides what proportion of past cell memory to discard, the input gate determines what new information to store in the cell state, and the output gate regulates what filtered cell state is emitted as the hidden state.",4,Weak
A455,Q046,"The forget gate decides what past info to discard, input gate decides what new info to store in the cell state, and output gate decides what to emit as hidden state.","The forget gate decides what proportion of past cell memory to discard, the input gate determines what new information to store in the cell state, and the output gate regulates what filtered cell state is emitted as the hidden state.",5,Partial
A456,Q046,"Forget gate removes irrelevant info from cell state, input gate updates the cell state with candidate activations, and output gate computes the next hidden state based on the cell state.","The forget gate decides what proportion of past cell memory to discard, the input gate determines what new information to store in the cell state, and the output gate regulates what filtered cell state is emitted as the hidden state.",6,Partial
A457,Q046,The forget gate determines what information to discard from the previous cell state. The input gate decides what new candidate information to write into the cell state. The output gate filters the updated cell state to produce the next hidden state.,"The forget gate decides what proportion of past cell memory to discard, the input gate determines what new information to store in the cell state, and the output gate regulates what filtered cell state is emitted as the hidden state.",7,Good
A458,Q046,1) Forget gate (f_t): scales previous cell state by a sigmoid vector (0 to 1) to erase useless memory; 2) Input gate (i_t): regulates what new candidate information (c_tilde_t) is added to the cell state; 3) Output gate (o_t): controls what filtered memory is passed to the hidden state h_t.,"The forget gate decides what proportion of past cell memory to discard, the input gate determines what new information to store in the cell state, and the output gate regulates what filtered cell state is emitted as the hidden state.",8,Good
A459,Q046,"An LSTM cell features three multiplicative gating mechanisms: 1) Forget Gate (f_t = sigma(W_f [h_{t-1}, x_t] + b_f)), deciding what fraction of the previous cell state C_{t-1} to forget; 2) Input Gate (i_t = sigma(W_i [h_{t-1}, x_t] + b_i)), regulating how much new candidate information C~_t to incorporate into the cell state; and 3) Output Gate (o_t = sigma(W_o [h_{t-1}, x_t] + b_o)), determining which portions of the updated cell state C_t are exposed as the hidden state h_t.","The forget gate decides what proportion of past cell memory to discard, the input gate determines what new information to store in the cell state, and the output gate regulates what filtered cell state is emitted as the hidden state.",9,Excellent
A460,Q046,"The three gating structures in an LSTM cell regulate memory flow via point-wise sigmoid operations: 1) Forget Gate (f_t): computes a gating vector in [0, 1] that performs element-wise attenuation on past memory C_{t-1}, discarding obsolete context; 2) Input Gate (i_t) and candidate state (C~_t): i_t gates the addition of newly computed candidate features (tanh modulated) into the cell state (C_t = f_t * C_{t-1} + i_t * C~_t); and 3) Output Gate (o_t): extracts a filtered non-linear projection of current cell memory (h_t = o_t * tanh(C_t)) to serve as the hidden state emitted to subsequent layers.","The forget gate decides what proportion of past cell memory to discard, the input gate determines what new information to store in the cell state, and the output gate regulates what filtered cell state is emitted as the hidden state.",10,Excellent
A461,Q047,Cell state is the battery level of the computer running the LSTM.,"The cell state functions as an internal linear conveyor belt modified only by additive gating operations, allowing gradients to propagate across many time steps with minimal attenuation.",1,Poor
A462,Q047,It is a lookup table stored in SQLite database.,"The cell state functions as an internal linear conveyor belt modified only by additive gating operations, allowing gradients to propagate across many time steps with minimal attenuation.",2,Poor
A463,Q047,Cell state is like a conveyor belt where info passes through without shrinking.,"The cell state functions as an internal linear conveyor belt modified only by additive gating operations, allowing gradients to propagate across many time steps with minimal attenuation.",3,Weak
A464,Q047,It adds new information and uses linear updates instead of multiplying matrices.,"The cell state functions as an internal linear conveyor belt modified only by additive gating operations, allowing gradients to propagate across many time steps with minimal attenuation.",4,Weak
A465,Q047,"The cell state acts as an internal conveyor belt that carries information through time with only linear additions, preventing gradients from vanishing.","The cell state functions as an internal linear conveyor belt modified only by additive gating operations, allowing gradients to propagate across many time steps with minimal attenuation.",5,Partial
A466,Q047,"It is the long-term memory line in an LSTM. Because updates to the cell state are additive rather than purely multiplicative, gradients can flow back through time without vanishing.","The cell state functions as an internal linear conveyor belt modified only by additive gating operations, allowing gradients to propagate across many time steps with minimal attenuation.",6,Partial
A467,Q047,"The cell state is the linear memory highway of an LSTM. It alleviates vanishing gradients because updates to it are additive (C_t = f_t * C_{t-1} + i_t * C~_t), allowing error gradients to backpropagate across many time steps with minimal decay when the forget gate is near 1.","The cell state functions as an internal linear conveyor belt modified only by additive gating operations, allowing gradients to propagate across many time steps with minimal attenuation.",7,Good
A468,Q047,"The cell state provides an uninterrupted path running down the entire chain. Because it changes by additive updates modulated by gates rather than continuous non-linear matrix multiplications, the derivative dC_t/dC_{t-1} contains a direct additive path that preserves gradient magnitude over long sequences.","The cell state functions as an internal linear conveyor belt modified only by additive gating operations, allowing gradients to propagate across many time steps with minimal attenuation.",8,Good
A469,Q047,"The cell state (C_t) represents the long-term memory highway of the LSTM. It solves the vanishing gradient problem because its state transition is fundamentally additive: C_t = f_t * C_{t-1} + i_t * C~_t. During backpropagation, the derivative dC_t/dC_{t-1} is simply f_t (plus small gate terms). When the forget gate is close to 1, gradients can propagate backward through dozens or hundreds of time steps without exponential decay.","The cell state functions as an internal linear conveyor belt modified only by additive gating operations, allowing gradients to propagate across many time steps with minimal attenuation.",9,Excellent
A470,Q047,"The cell state C_t serves as an internal constant error carousel (CEC). In contrast to vanilla RNNs where hidden states undergo continuous non-linear transformations h_t = tanh(W h_{t-1}), the LSTM cell state evolves via linear additive recurrence: C_t = f_t * C_{t-1} + i_t * C~_t. The Jacobian dC_t/dC_{t-1} equals diag(f_t) + terms. When the network learns to keep forget gates near 1 (f_t approx 1), the gradient backpropagates across time with near-identity scaling (prod f_j approx 1), forming a gradient highway that bypasses exponential decay.","The cell state functions as an internal linear conveyor belt modified only by additive gating operations, allowing gradients to propagate across many time steps with minimal attenuation.",10,Excellent
A471,Q048,GRU is used for graphics cards and LSTM is used for hard drives.,"A GRU merges the cell state and hidden state into a single unified state and uses only two gates (reset gate and update gate) instead of three, reducing parameter count and training time while maintaining competitive performance.",1,Poor
A472,Q048,GRU has five gates and LSTM has only one gate.,"A GRU merges the cell state and hidden state into a single unified state and uses only two gates (reset gate and update gate) instead of three, reducing parameter count and training time while maintaining competitive performance.",2,Poor
A473,Q048,GRU is simpler than LSTM because it has 2 gates instead of 3.,"A GRU merges the cell state and hidden state into a single unified state and uses only two gates (reset gate and update gate) instead of three, reducing parameter count and training time while maintaining competitive performance.",3,Weak
A474,Q048,"GRU merges the cell state and hidden state, and has reset and update gates.","A GRU merges the cell state and hidden state into a single unified state and uses only two gates (reset gate and update gate) instead of three, reducing parameter count and training time while maintaining competitive performance.",4,Weak
A475,Q048,"A GRU merges the cell state and hidden state into one state, and replaces three gates with two gates: reset gate and update gate, making it faster to train.","A GRU merges the cell state and hidden state into a single unified state and uses only two gates (reset gate and update gate) instead of three, reducing parameter count and training time while maintaining competitive performance.",5,Partial
A476,Q048,"GRU removes the separate cell state, using only the hidden state. It uses an update gate and a reset gate, which reduces parameter count compared to LSTM.","A GRU merges the cell state and hidden state into a single unified state and uses only two gates (reset gate and update gate) instead of three, reducing parameter count and training time while maintaining competitive performance.",6,Partial
A477,Q048,"A GRU simplifies the LSTM architecture by merging the cell state and hidden state into a single hidden state, and reducing the gating mechanisms from three to two: an update gate and a reset gate. This lowers the parameter count and speeds up training.","A GRU merges the cell state and hidden state into a single unified state and uses only two gates (reset gate and update gate) instead of three, reducing parameter count and training time while maintaining competitive performance.",7,Good
A478,Q048,"The key architectural differences are: GRU combines cell state and hidden state into one, replaces forget and input gates with a coupled update gate (z_t), and adds a reset gate (r_t). It has roughly 25% fewer parameters than an LSTM while achieving comparable performance.","A GRU merges the cell state and hidden state into a single unified state and uses only two gates (reset gate and update gate) instead of three, reducing parameter count and training time while maintaining competitive performance.",8,Good
A479,Q048,"A Gated Recurrent Unit (GRU) streamlines the LSTM design: 1) It merges the cell state and hidden state into a single continuous hidden state vector h_t; 2) It consolidates the input and forget gates into a single update gate z_t, coupling the addition of new info with forgetting of old info via (1 - z_t) and z_t; and 3) It uses a reset gate r_t to control how much previous state affects candidate state computation. This reduces parameters by ~25% and improves training efficiency.","A GRU merges the cell state and hidden state into a single unified state and uses only two gates (reset gate and update gate) instead of three, reducing parameter count and training time while maintaining competitive performance.",9,Excellent
A480,Q048,"Introduced by Cho et al., the GRU modifies the standard LSTM in three structural dimensions: 1) State unification: it eliminates the distinct cell state C_t, utilizing only a single recurrent hidden state h_t; 2) Gate reduction: it reduces parameters from 4 weight matrices per component (forget, input, output, candidate) to 3 (reset gate r_t, update gate z_t, candidate hidden state h~_t); and 3) Coupled retention: the update gate acts simultaneously as forget and input regulator via h_t = (1 - z_t) * h_{t-1} + z_t * h~_t. Consequently, GRUs require fewer parameters, train faster, and are less prone to overfitting on smaller datasets while matching LSTM performance.","A GRU merges the cell state and hidden state into a single unified state and uses only two gates (reset gate and update gate) instead of three, reducing parameter count and training time while maintaining competitive performance.",10,Excellent
A481,Q049,Bidirectional RNN means reading words in English and translating them to Spanish simultaneously.,"A Bidirectional RNN processes input sequences in both forward and backward temporal directions simultaneously, allowing each sequence token representation to leverage both preceding and subsequent context.",1,Poor
A482,Q049,It is an RNN that trains on two separate datasets at the same time.,"A Bidirectional RNN processes input sequences in both forward and backward temporal directions simultaneously, allowing each sequence token representation to leverage both preceding and subsequent context.",2,Poor
A483,Q049,It reads text from left to right and also from right to left.,"A Bidirectional RNN processes input sequences in both forward and backward temporal directions simultaneously, allowing each sequence token representation to leverage both preceding and subsequent context.",3,Weak
A484,Q049,It has two layers going forward and backward to understand sentences better.,"A Bidirectional RNN processes input sequences in both forward and backward temporal directions simultaneously, allowing each sequence token representation to leverage both preceding and subsequent context.",4,Weak
A485,Q049,"A Bidirectional RNN processes sequences in both forward and backward directions, giving each token context from past and future words.","A Bidirectional RNN processes input sequences in both forward and backward temporal directions simultaneously, allowing each sequence token representation to leverage both preceding and subsequent context.",5,Partial
A486,Q049,"It uses two separate hidden states, one processing from beginning to end and the other from end to beginning, concatenating their outputs at each step to capture full context.","A Bidirectional RNN processes input sequences in both forward and backward temporal directions simultaneously, allowing each sequence token representation to leverage both preceding and subsequent context.",6,Partial
A487,Q049,"A Bidirectional RNN consists of two independent recurrent layers: one processing the sequence forward from left to right, and another processing backward from right to left. It is effective in NLP because word meanings often depend on both preceding and succeeding context.","A Bidirectional RNN processes input sequences in both forward and backward temporal directions simultaneously, allowing each sequence token representation to leverage both preceding and subsequent context.",7,Good
A488,Q049,"It runs two RNN streams simultaneously: forward (t=1..T) and backward (t=T..1). At each position, their hidden states are concatenated [h_fwd, h_bwd], providing complete contextual awareness from both past and future tokens for tasks like named entity recognition.","A Bidirectional RNN processes input sequences in both forward and backward temporal directions simultaneously, allowing each sequence token representation to leverage both preceding and subsequent context.",8,Good
A489,Q049,"A Bidirectional RNN (BiRNN) stacks two independent recurrent pathways: a forward layer that captures historical context from t=1 to T, and a backward layer that captures future context from t=T to 1. At each time step, their hidden states are concatenated: h_t = [h_fwd; h_bwd]. This is highly effective in NLP tasks like POS tagging, Named Entity Recognition, and sentiment analysis where word disambiguation requires knowing surrounding words on both sides.","A Bidirectional RNN processes input sequences in both forward and backward temporal directions simultaneously, allowing each sequence token representation to leverage both preceding and subsequent context.",9,Excellent
A490,Q049,"A Bidirectional RNN addresses the causal limitation of unidirectional models by simultaneously executing two separate recurrent passes: a forward sequence computation h_fwd_t = f(x_t, h_fwd_{t-1}) and a backward sequence computation h_bwd_t = f(x_t, h_bwd_{t+1}). The composite representation y_t = g([h_fwd_t; h_bwd_t]) encapsulates both left-to-right past history and right-to-left future context. In NLP (e.g., in BiLSTM-CRF models for NER or BiLSTM encoders in machine translation), having bidirectional contextual visibility is critical for resolving polysemy, syntactic dependencies, and semantic ambiguity.","A Bidirectional RNN processes input sequences in both forward and backward temporal directions simultaneously, allowing each sequence token representation to leverage both preceding and subsequent context.",10,Excellent
A491,Q050,Because Transformers use electricity more efficiently than RNNs.,"RNNs process tokens sequentially and cannot be parallelized across time steps, causing computational bottlenecks and difficulty capturing very long-range dependencies, whereas Transformers use self-attention to process entire sequences in parallel.",1,Poor
A492,Q050,Transformers replace RNNs because they were invented in Hollywood movies.,"RNNs process tokens sequentially and cannot be parallelized across time steps, causing computational bottlenecks and difficulty capturing very long-range dependencies, whereas Transformers use self-attention to process entire sequences in parallel.",2,Poor
A493,Q050,Transformers are faster because they don't have recurrent loops and use attention.,"RNNs process tokens sequentially and cannot be parallelized across time steps, causing computational bottlenecks and difficulty capturing very long-range dependencies, whereas Transformers use self-attention to process entire sequences in parallel.",3,Weak
A494,Q050,Transformers process all words at the same time using self-attention instead of step by step.,"RNNs process tokens sequentially and cannot be parallelized across time steps, causing computational bottlenecks and difficulty capturing very long-range dependencies, whereas Transformers use self-attention to process entire sequences in parallel.",4,Weak
A495,Q050,Transformers replace RNNs because they can process entire sequences in parallel without sequential bottlenecks and model long-range dependencies better using self-attention.,"RNNs process tokens sequentially and cannot be parallelized across time steps, causing computational bottlenecks and difficulty capturing very long-range dependencies, whereas Transformers use self-attention to process entire sequences in parallel.",5,Partial
A496,Q050,RNNs cannot be parallelized across time steps because each step depends on the previous hidden state. Transformers use self-attention to process all tokens in parallel and have an O(1) path length between any two tokens.,"RNNs process tokens sequentially and cannot be parallelized across time steps, causing computational bottlenecks and difficulty capturing very long-range dependencies, whereas Transformers use self-attention to process entire sequences in parallel.",6,Partial
A497,Q050,"Transformers have replaced RNNs because they eliminate sequential recurrence, enabling massive parallelization during training on GPUs. Furthermore, self-attention connects any two tokens with an O(1) path length, completely avoiding vanishing gradient problems over long distances.","RNNs process tokens sequentially and cannot be parallelized across time steps, causing computational bottlenecks and difficulty capturing very long-range dependencies, whereas Transformers use self-attention to process entire sequences in parallel.",7,Good
A498,Q050,"The two main reasons are parallelization and long-range connectivity: RNNs must process tokens sequentially step-by-step (O(T) time complexity for sequence length T), while Transformers compute attention over the whole sequence simultaneously and avoid vanishing gradients across long contexts.","RNNs process tokens sequentially and cannot be parallelized across time steps, causing computational bottlenecks and difficulty capturing very long-range dependencies, whereas Transformers use self-attention to process entire sequences in parallel.",8,Good
A499,Q050,"Transformers superseded RNNs for two critical architectural reasons: 1) Parallel computational throughput: RNNs suffer from a sequential bottleneck where h_t strictly depends on h_{t-1}, precluding parallelization across sequence length during training. Transformers process all tokens simultaneously via self-attention; and 2) Direct long-range modeling: in RNNs, information must travel through T recurrent steps, causing gradient decay and loss of distant context. Self-attention provides direct O(1) path length between any pair of tokens regardless of distance.","RNNs process tokens sequentially and cannot be parallelized across time steps, causing computational bottlenecks and difficulty capturing very long-range dependencies, whereas Transformers use self-attention to process entire sequences in parallel.",9,Excellent
A500,Q050,"Transformers displaced recurrent architectures due to fundamental algorithmic advantages: 1) Elimination of sequential bottlenecks: RNNs require O(T) sequential operations per forward/backward pass because h_t = f(h_{t-1}, x_t), preventing efficient GPU parallelization across sequence length T. Transformers compute Multi-Head Attention QK^T / sqrt(d_k) as batched matrix multiplications, fully saturating modern tensor accelerators; 2) O(1) Maximum Path Length: while information in RNNs must traverse an O(T) sequential recurrent chain (leading to vanishing gradients and memory bottlenecks), self-attention computes direct pairwise affinities between all tokens in a single operation, eliminating signal degradation over long temporal contexts; and 3) Scalability: empirical scaling laws demonstrate that Transformers scale power-law predictably with parameter and dataset size, which enabled foundational LLMs like GPT and BERT.","RNNs process tokens sequentially and cannot be parallelized across time steps, causing computational bottlenecks and difficulty capturing very long-range dependencies, whereas Transformers use self-attention to process entire sequences in parallel.",10,Excellent
